id,contributors,day,score,timestamp
9e52d1d3-6426-484b-afd8-854efd420a9e,"{'deep_sleep': 69, 'efficiency': 81, 'latency': 59, 'rem_sleep': 81, 'restfulness': 52, 'timing': 27, 'total_sleep': 81}",10/18/2023,68,2023-10-18T00:00:00+00:00
b5302239-d610-46c6-9265-3b4a6feeed94,"{'deep_sleep': 59, 'efficiency': 81, 'latency': 89, 'rem_sleep': 82, 'restfulness': 39, 'timing': 25, 'total_sleep': 76}",10/19/2023,66,2023-10-19T00:00:00+00:00
c2247881-0fdf-4b53-8e9a-c5a86d78ef18,"{'deep_sleep': 71, 'efficiency': 81, 'latency': 99, 'rem_sleep': 82, 'restfulness': 45, 'timing': 33, 'total_sleep': 83}",10/20/2023,72,2023-10-20T00:00:00+00:00
8afb7388-f08e-4960-9a37-34a6771fc844,"{'deep_sleep': 48, 'efficiency': 76, 'latency': 91, 'rem_sleep': 75, 'restfulness': 52, 'timing': 26, 'total_sleep': 71}",10/21/2023,64,2023-10-21T00:00:00+00:00
ff5e147d-a73d-4ade-a2a9-fce1f4c4857a,"{'deep_sleep': 74, 'efficiency': 81, 'latency': 72, 'rem_sleep': 69, 'restfulness': 42, 'timing': 29, 'total_sleep': 78}",10/22/2023,66,2023-10-22T00:00:00+00:00
77562d7d-569c-43d0-970e-81ed562212d1,"{'deep_sleep': 66, 'efficiency': 93, 'latency': 91, 'rem_sleep': 65, 'restfulness': 61, 'timing': 33, 'total_sleep': 81}",10/23/2023,72,2023-10-23T00:00:00+00:00
472efaf0-b135-4bdd-ada7-34289fe682dc,"{'deep_sleep': 80, 'efficiency': 76, 'latency': 81, 'rem_sleep': 71, 'restfulness': 44, 'timing': 39, 'total_sleep': 76}",10/24/2023,68,2023-10-24T00:00:00+00:00
b2725f75-53dc-46ec-8868-e7ee6f3e5f73,"{'deep_sleep': 73, 'efficiency': 86, 'latency': 86, 'rem_sleep': 86, 'restfulness': 50, 'timing': 42, 'total_sleep': 88}",10/25/2023,76,2023-10-25T00:00:00+00:00
788a58b1-8eac-4c75-817d-e0a7d0c79681,"{'deep_sleep': 53, 'efficiency': 88, 'latency': 89, 'rem_sleep': 87, 'restfulness': 34, 'timing': 30, 'total_sleep': 87}",10/26/2023,70,2023-10-26T00:00:00+00:00
d46134d9-9e92-4e2e-b8e7-c31795b9b3d6,"{'deep_sleep': 94, 'efficiency': 83, 'latency': 67, 'rem_sleep': 71, 'restfulness': 52, 'timing': 17, 'total_sleep': 76}",10/27/2023,68,2023-10-27T00:00:00+00:00
4642a7ee-0bb2-4d76-90e2-b632c40e372a,"{'deep_sleep': 72, 'efficiency': 79, 'latency': 51, 'rem_sleep': 55, 'restfulness': 46, 'timing': 12, 'total_sleep': 69}",10/28/2023,58,2023-10-28T00:00:00+00:00
57b9a0d1-3a75-49cd-b5e5-39a62a57eb49,"{'deep_sleep': 54, 'efficiency': 93, 'latency': 75, 'rem_sleep': 73, 'restfulness': 56, 'timing': 10, 'total_sleep': 62}",10/29/2023,60,2023-10-29T00:00:00+00:00
30281230-1b44-40a1-a688-259541dd7c0a,"{'deep_sleep': 61, 'efficiency': 90, 'latency': 72, 'rem_sleep': 76, 'restfulness': 66, 'timing': 24, 'total_sleep': 81}",10/30/2023,70,2023-10-30T00:00:00+00:00
39d8b007-a637-4cc4-a9df-fcafd3fba5be,"{'deep_sleep': 56, 'efficiency': 83, 'latency': 94, 'rem_sleep': 68, 'restfulness': 50, 'timing': 39, 'total_sleep': 88}",10/31/2023,72,2023-10-31T00:00:00+00:00
07387748-fb02-4a81-a138-f32c821afc7c,"{'deep_sleep': 61, 'efficiency': 86, 'latency': 81, 'rem_sleep': 60, 'restfulness': 53, 'timing': 61, 'total_sleep': 79}",11/1/2023,71,2023-11-01T00:00:00+00:00
5bdb7c69-540f-4ea8-bc73-e301d92298af,"{'deep_sleep': 38, 'efficiency': 79, 'latency': 78, 'rem_sleep': 60, 'restfulness': 46, 'timing': 24, 'total_sleep': 76}",11/2/2023,61,2023-11-02T00:00:00+00:00
7535e915-b8e1-49e3-a9f0-0e2ab36366a2,"{'deep_sleep': 48, 'efficiency': 76, 'latency': 83, 'rem_sleep': 62, 'restfulness': 52, 'timing': 43, 'total_sleep': 76}",11/3/2023,66,2023-11-03T00:00:00+00:00
99c3fa0c-5626-4dc0-9554-2a111bb11531,"{'deep_sleep': 75, 'efficiency': 95, 'latency': 91, 'rem_sleep': 58, 'restfulness': 57, 'timing': 23, 'total_sleep': 85}",11/4/2023,72,2023-11-04T00:00:00+00:00
06e338f9-76bf-4818-b79b-a88ca81c185e,"{'deep_sleep': 89, 'efficiency': 86, 'latency': 83, 'rem_sleep': 84, 'restfulness': 72, 'timing': 24, 'total_sleep': 75}",11/5/2023,74,2023-11-05T00:00:00+00:00
2373b941-a231-4d1f-a608-f8c44128d7a2,"{'deep_sleep': 51, 'efficiency': 81, 'latency': 78, 'rem_sleep': 82, 'restfulness': 61, 'timing': 61, 'total_sleep': 78}",11/6/2023,72,2023-11-06T00:00:00+00:00
ca9c1f10-45d5-48aa-b59f-83021b5fafc4,"{'deep_sleep': 60, 'efficiency': 86, 'latency': 94, 'rem_sleep': 57, 'restfulness': 56, 'timing': 54, 'total_sleep': 84}",11/7/2023,73,2023-11-07T00:00:00+00:00
cd50ca95-f3c0-4eef-a373-de515bfd40a9,"{'deep_sleep': 83, 'efficiency': 96, 'latency': 86, 'rem_sleep': 80, 'restfulness': 46, 'timing': 68, 'total_sleep': 76}",11/8/2023,75,2023-11-08T00:00:00+00:00
3769eebb-c10a-4de5-886b-755dc92429a2,"{'deep_sleep': 71, 'efficiency': 83, 'latency': 86, 'rem_sleep': 50, 'restfulness': 37, 'timing': 24, 'total_sleep': 81}",11/9/2023,65,2023-11-09T00:00:00+00:00
d856de38-3cf4-4de7-ad1d-cea24e28c827,"{'deep_sleep': 31, 'efficiency': 83, 'latency': 81, 'rem_sleep': 77, 'restfulness': 54, 'timing': 56, 'total_sleep': 75}",11/10/2023,67,2023-11-10T00:00:00+00:00
b1050eca-4d64-4ed6-a479-421afd0cc4ea,"{'deep_sleep': 77, 'efficiency': 79, 'latency': 91, 'rem_sleep': 56, 'restfulness': 61, 'timing': 53, 'total_sleep': 78}",11/11/2023,72,2023-11-11T00:00:00+00:00
ff204052-923b-4795-93ef-85f677942a15,"{'deep_sleep': 95, 'efficiency': 51, 'latency': 78, 'rem_sleep': 54, 'restfulness': 29, 'timing': 1, 'total_sleep': 94}",11/12/2023,65,2023-11-12T00:00:00+00:00
9d1f5500-7440-465c-b3ee-7bacce8d8592,"{'deep_sleep': 71, 'efficiency': 93, 'latency': 91, 'rem_sleep': 42, 'restfulness': 42, 'timing': 19, 'total_sleep': 71}",11/13/2023,63,2023-11-13T00:00:00+00:00
7a42fbc0-2ad7-46bb-a3a7-34b40cffd9e3,"{'deep_sleep': 61, 'efficiency': 76, 'latency': 81, 'rem_sleep': 49, 'restfulness': 63, 'timing': 62, 'total_sleep': 68}",11/14/2023,66,2023-11-14T00:00:00+00:00
e87845bd-1c78-48e6-9fa9-d4cdc37aa5aa,"{'deep_sleep': 46, 'efficiency': 79, 'latency': 91, 'rem_sleep': 52, 'restfulness': 34, 'timing': 48, 'total_sleep': 82}",11/15/2023,65,2023-11-15T00:00:00+00:00
91a3acf8-99fb-4a0e-8590-14fa2c639fa4,"{'deep_sleep': 28, 'efficiency': 76, 'latency': 78, 'rem_sleep': 50, 'restfulness': 38, 'timing': 58, 'total_sleep': 77}",11/16/2023,62,2023-11-16T00:00:00+00:00
a03c0e7f-f793-4396-bbd6-a90915226b0f,"{'deep_sleep': 70, 'efficiency': 95, 'latency': 91, 'rem_sleep': 62, 'restfulness': 69, 'timing': 19, 'total_sleep': 59}",11/17/2023,65,2023-11-17T00:00:00+00:00
f45e49bd-5c31-4402-80a6-a788d5fd53b6,"{'deep_sleep': 74, 'efficiency': 83, 'latency': 86, 'rem_sleep': 54, 'restfulness': 63, 'timing': 22, 'total_sleep': 80}",11/18/2023,69,2023-11-18T00:00:00+00:00
1ded8ef7-3881-4544-a501-bdc18471db9c,"{'deep_sleep': 96, 'efficiency': 83, 'latency': 89, 'rem_sleep': 67, 'restfulness': 58, 'timing': 33, 'total_sleep': 89}",11/19/2023,77,2023-11-19T00:00:00+00:00
9c670012-8bc4-4ef1-bf93-44fb932173bc,"{'deep_sleep': 28, 'efficiency': 88, 'latency': 89, 'rem_sleep': 71, 'restfulness': 39, 'timing': 34, 'total_sleep': 81}",11/20/2023,65,2023-11-20T00:00:00+00:00
58227e6a-2686-49ba-8a8e-3329050837d2,"{'deep_sleep': 65, 'efficiency': 81, 'latency': 91, 'rem_sleep': 40, 'restfulness': 47, 'timing': 47, 'total_sleep': 71}",11/21/2023,64,2023-11-21T00:00:00+00:00
e37968f6-1ccd-4880-afc1-ee2ef76014f7,"{'deep_sleep': 76, 'efficiency': 81, 'latency': 94, 'rem_sleep': 65, 'restfulness': 45, 'timing': 41, 'total_sleep': 78}",11/22/2023,70,2023-11-22T00:00:00+00:00
44d19eae-3d4b-4f90-be9b-8e2e113bd209,"{'deep_sleep': 32, 'efficiency': 93, 'latency': 89, 'rem_sleep': 70, 'restfulness': 56, 'timing': 23, 'total_sleep': 75}",11/23/2023,65,2023-11-23T00:00:00+00:00
19628585-ac6b-41cd-8487-2854052202fd,"{'deep_sleep': 27, 'efficiency': 83, 'latency': 97, 'rem_sleep': 70, 'restfulness': 49, 'timing': 42, 'total_sleep': 71}",11/24/2023,64,2023-11-24T00:00:00+00:00
7744c207-4552-48a5-af17-c6ae9f9794a6,"{'deep_sleep': 31, 'efficiency': 81, 'latency': 46, 'rem_sleep': 56, 'restfulness': 52, 'timing': 100, 'total_sleep': 72}",11/25/2023,64,2023-11-25T00:00:00+00:00
82e0106e-8923-4e67-8777-7e444097e173,"{'deep_sleep': 47, 'efficiency': 83, 'latency': 83, 'rem_sleep': 80, 'restfulness': 54, 'timing': 58, 'total_sleep': 85}",11/26/2023,73,2023-11-26T00:00:00+00:00
4325c0cc-e146-486d-9e8e-5e8276836eff,"{'deep_sleep': 38, 'efficiency': 81, 'latency': 99, 'rem_sleep': 67, 'restfulness': 56, 'timing': 58, 'total_sleep': 57}",11/27/2023,63,2023-11-27T00:00:00+00:00
ebc4ba0a-9e61-4a61-bb1f-6643d289f4af,"{'deep_sleep': 67, 'efficiency': 83, 'latency': 72, 'rem_sleep': 61, 'restfulness': 65, 'timing': 72, 'total_sleep': 78}",11/28/2023,73,2023-11-28T00:00:00+00:00
56d9832f-1b4d-484a-b33e-88882178fa04,"{'deep_sleep': 95, 'efficiency': 81, 'latency': 91, 'rem_sleep': 80, 'restfulness': 48, 'timing': 57, 'total_sleep': 81}",11/29/2023,76,2023-11-29T00:00:00+00:00
2b5cf0a9-5fda-4020-b9ee-069bea98da2f,"{'deep_sleep': 46, 'efficiency': 76, 'latency': 99, 'rem_sleep': 87, 'restfulness': 41, 'timing': 64, 'total_sleep': 76}",11/30/2023,70,2023-11-30T00:00:00+00:00
66a7e62b-4088-4d7f-a576-c8f8c57b0273,"{'deep_sleep': 70, 'efficiency': 79, 'latency': 91, 'rem_sleep': 78, 'restfulness': 35, 'timing': 62, 'total_sleep': 86}",12/1/2023,73,2023-12-01T00:00:00+00:00
2dc71174-ecdd-4796-9773-6eff6bcb5358,"{'deep_sleep': 83, 'efficiency': 93, 'latency': 72, 'rem_sleep': 88, 'restfulness': 58, 'timing': 68, 'total_sleep': 68}",12/2/2023,73,2023-12-02T00:00:00+00:00
5103dec9-9aad-4861-9746-8cd836d6ae14,"{'deep_sleep': 83, 'efficiency': 53, 'latency': 62, 'rem_sleep': 65, 'restfulness': 36, 'timing': 14, 'total_sleep': 87}",12/3/2023,64,2023-12-03T00:00:00+00:00
d89ef80b-6de5-42ad-bb18-a4e05f0f64f2,"{'deep_sleep': 50, 'efficiency': 65, 'latency': 97, 'rem_sleep': 59, 'restfulness': 51, 'timing': 64, 'total_sleep': 72}",12/4/2023,66,2023-12-04T00:00:00+00:00
5e1d09a9-d11a-4a79-abc4-77fa735bd44c,"{'deep_sleep': 84, 'efficiency': 76, 'latency': 91, 'rem_sleep': 90, 'restfulness': 37, 'timing': 47, 'total_sleep': 86}",12/5/2023,75,2023-12-05T00:00:00+00:00
d6af2a1d-63dc-468a-9cf9-c815d79bd05b,"{'deep_sleep': 64, 'efficiency': 93, 'latency': 91, 'rem_sleep': 64, 'restfulness': 66, 'timing': 22, 'total_sleep': 56}",12/6/2023,63,2023-12-06T00:00:00+00:00
64b82393-0be5-42de-bcf6-71f99cffefd8,"{'deep_sleep': 70, 'efficiency': 81, 'latency': 91, 'rem_sleep': 67, 'restfulness': 57, 'timing': 52, 'total_sleep': 61}",12/7/2023,66,2023-12-07T00:00:00+00:00
83a1c5af-8998-46b4-86f5-a834980fd67d,"{'deep_sleep': 63, 'efficiency': 90, 'latency': 70, 'rem_sleep': 51, 'restfulness': 59, 'timing': 24, 'total_sleep': 68}",12/8/2023,62,2023-12-08T00:00:00+00:00
7fea4f36-51a9-40c9-b32a-34fb390d9985,"{'deep_sleep': 59, 'efficiency': 79, 'latency': 91, 'rem_sleep': 76, 'restfulness': 53, 'timing': 36, 'total_sleep': 61}",12/9/2023,63,2023-12-09T00:00:00+00:00
a7a837ea-ce42-4ffb-b2ef-8a618cac4dcb,"{'deep_sleep': 82, 'efficiency': 76, 'latency': 91, 'rem_sleep': 95, 'restfulness': 43, 'timing': 49, 'total_sleep': 80}",12/10/2023,74,2023-12-10T00:00:00+00:00
3c4ba79c-c3b3-4611-bf57-1f377a7eaacc,"{'deep_sleep': 80, 'efficiency': 79, 'latency': 97, 'rem_sleep': 61, 'restfulness': 28, 'timing': 42, 'total_sleep': 73}",12/11/2023,66,2023-12-11T00:00:00+00:00
82ba1ef1-1679-4573-90a2-dd57127472a6,"{'deep_sleep': 83, 'efficiency': 69, 'latency': 81, 'rem_sleep': 64, 'restfulness': 40, 'timing': 31, 'total_sleep': 69}",12/12/2023,63,2023-12-12T00:00:00+00:00
2cbc3b4b-5d0c-4cd9-a80b-9d58636a12dd,"{'deep_sleep': 95, 'efficiency': 93, 'latency': 89, 'rem_sleep': 90, 'restfulness': 71, 'timing': 13, 'total_sleep': 59}",12/13/2023,69,2023-12-13T00:00:00+00:00
a9c60c59-942d-48c0-9937-0ae2226c4228,"{'deep_sleep': 85, 'efficiency': 79, 'latency': 72, 'rem_sleep': 84, 'restfulness': 43, 'timing': 23, 'total_sleep': 87}",12/14/2023,71,2023-12-14T00:00:00+00:00
ac35d00d-9ad1-4794-817c-367ea6ac30d9,"{'deep_sleep': 64, 'efficiency': 81, 'latency': 83, 'rem_sleep': 97, 'restfulness': 37, 'timing': 40, 'total_sleep': 75}",12/15/2023,68,2023-12-15T00:00:00+00:00
b9ef8fb5-356f-4b8e-8f7b-92a0b18ccc14,"{'deep_sleep': 60, 'efficiency': 83, 'latency': 75, 'rem_sleep': 86, 'restfulness': 57, 'timing': 27, 'total_sleep': 77}",12/16/2023,69,2023-12-16T00:00:00+00:00
7171844a-0948-4de1-a6f7-9dd8c41d9ea5,"{'deep_sleep': 57, 'efficiency': 81, 'latency': 83, 'rem_sleep': 87, 'restfulness': 54, 'timing': 28, 'total_sleep': 73}",12/17/2023,67,2023-12-17T00:00:00+00:00
92d8571b-99b8-4e77-9fc7-e71fb5a2a345,"{'deep_sleep': 76, 'efficiency': 86, 'latency': 83, 'rem_sleep': 81, 'restfulness': 57, 'timing': 38, 'total_sleep': 80}",12/18/2023,73,2023-12-18T00:00:00+00:00
30f9f20a-386a-4ba6-bbe2-638e4787ea29,"{'deep_sleep': 69, 'efficiency': 88, 'latency': 91, 'rem_sleep': 84, 'restfulness': 62, 'timing': 28, 'total_sleep': 84}",12/19/2023,75,2023-12-19T00:00:00+00:00
c5d3f90b-11e7-461e-af00-e8411bfe6158,"{'deep_sleep': 46, 'efficiency': 69, 'latency': 83, 'rem_sleep': 65, 'restfulness': 36, 'timing': 27, 'total_sleep': 73}",12/20/2023,60,2023-12-20T00:00:00+00:00
7e05563b-5a15-42c1-a7f0-f03c34fe2d5f,"{'deep_sleep': 63, 'efficiency': 65, 'latency': 81, 'rem_sleep': 66, 'restfulness': 32, 'timing': 47, 'total_sleep': 71}",12/21/2023,62,2023-12-21T00:00:00+00:00
0a2729f2-2740-435b-9f8c-3f6b2fc21320,"{'deep_sleep': 72, 'efficiency': 53, 'latency': 64, 'rem_sleep': 28, 'restfulness': 55, 'timing': 28, 'total_sleep': 66}",12/22/2023,56,2023-12-22T00:00:00+00:00
e75ea1de-4b4a-4c17-a666-5deb98c3793c,"{'deep_sleep': 46, 'efficiency': 65, 'latency': 97, 'rem_sleep': 43, 'restfulness': 56, 'timing': 24, 'total_sleep': 64}",12/23/2023,58,2023-12-23T00:00:00+00:00
a03fb13b-2e42-421d-8782-fe0ef9976405,"{'deep_sleep': 61, 'efficiency': 86, 'latency': 83, 'rem_sleep': 37, 'restfulness': 64, 'timing': 61, 'total_sleep': 53}",12/24/2023,61,2023-12-24T00:00:00+00:00
04cff08f-3517-4ce4-a536-206118402332,"{'deep_sleep': 67, 'efficiency': 74, 'latency': 94, 'rem_sleep': 90, 'restfulness': 63, 'timing': 53, 'total_sleep': 83}",12/25/2023,76,2023-12-25T00:00:00+00:00
3b1e880b-c973-491c-8d32-c43d8623fd0e,"{'deep_sleep': 47, 'efficiency': 81, 'latency': 86, 'rem_sleep': 96, 'restfulness': 59, 'timing': 55, 'total_sleep': 83}",12/26/2023,74,2023-12-26T00:00:00+00:00
239f96f6-e802-4692-8cd0-5ab028dff1fb,"{'deep_sleep': 51, 'efficiency': 74, 'latency': 64, 'rem_sleep': 75, 'restfulness': 56, 'timing': 23, 'total_sleep': 67}",12/27/2023,61,2023-12-27T00:00:00+00:00
8518dd84-ea7d-4549-9d20-d2000ecd08bb,"{'deep_sleep': 62, 'efficiency': 79, 'latency': 83, 'rem_sleep': 83, 'restfulness': 60, 'timing': 48, 'total_sleep': 81}",12/28/2023,73,2023-12-28T00:00:00+00:00
dd9a5ed7-3b26-466f-9da8-d432358db205,"{'deep_sleep': 61, 'efficiency': 90, 'latency': 99, 'rem_sleep': 90, 'restfulness': 47, 'timing': 25, 'total_sleep': 83}",12/29/2023,73,2023-12-29T00:00:00+00:00
163abe8a-623d-417f-8cfb-81c5cd70a467,"{'deep_sleep': 82, 'efficiency': 96, 'latency': 72, 'rem_sleep': 72, 'restfulness': 53, 'timing': 33, 'total_sleep': 80}",12/30/2023,71,2023-12-30T00:00:00+00:00
8b74e5be-6864-4f48-b96d-7a27d79abeeb,"{'deep_sleep': 52, 'efficiency': 83, 'latency': 75, 'rem_sleep': 78, 'restfulness': 58, 'timing': 18, 'total_sleep': 85}",12/31/2023,69,2023-12-31T00:00:00+00:00
22a08825-dbe9-4a57-b8d2-cd5b44924899,"{'deep_sleep': 77, 'efficiency': 81, 'latency': 91, 'rem_sleep': 75, 'restfulness': 68, 'timing': 16, 'total_sleep': 77}",1/1/2024,71,2024-01-01T00:00:00+00:00
8a448173-db2a-4fc4-87a3-3bd4cf44c2d9,"{'deep_sleep': 74, 'efficiency': 74, 'latency': 81, 'rem_sleep': 60, 'restfulness': 39, 'timing': 46, 'total_sleep': 69}",1/2/2024,64,2024-01-02T00:00:00+00:00
02269c78-6bd3-45d6-bb13-45eadcb346c6,"{'deep_sleep': 96, 'efficiency': 81, 'latency': 94, 'rem_sleep': 66, 'restfulness': 58, 'timing': 49, 'total_sleep': 78}",1/3/2024,75,2024-01-03T00:00:00+00:00
8e2319e9-d2ca-4a01-b8d2-18ad1488bb99,"{'deep_sleep': 67, 'efficiency': 81, 'latency': 72, 'rem_sleep': 70, 'restfulness': 48, 'timing': 45, 'total_sleep': 74}",1/4/2024,67,2024-01-04T00:00:00+00:00
288cc7af-0f53-429f-934a-20907b8248b4,"{'deep_sleep': 78, 'efficiency': 81, 'latency': 86, 'rem_sleep': 52, 'restfulness': 46, 'timing': 16, 'total_sleep': 74}",1/5/2024,64,2024-01-05T00:00:00+00:00
0a54823f-7091-4cde-9f2f-42c935d4bf94,"{'deep_sleep': 47, 'efficiency': 79, 'latency': 64, 'rem_sleep': 91, 'restfulness': 37, 'timing': 24, 'total_sleep': 84}",1/6/2024,66,2024-01-06T00:00:00+00:00
18b8d52a-8e17-4a54-86d8-531f55164797,"{'deep_sleep': 50, 'efficiency': 76, 'latency': 91, 'rem_sleep': 48, 'restfulness': 29, 'timing': 20, 'total_sleep': 66}",1/7/2024,56,2024-01-07T00:00:00+00:00
b4ae978a-165a-4cf6-b5a2-32f033fcc5bc,"{'deep_sleep': 51, 'efficiency': 83, 'latency': 81, 'rem_sleep': 78, 'restfulness': 59, 'timing': 30, 'total_sleep': 72}",1/8/2024,66,2024-01-08T00:00:00+00:00
8a7a8cd7-34ff-424f-8849-13848821ce41,"{'deep_sleep': 67, 'efficiency': 74, 'latency': 86, 'rem_sleep': 88, 'restfulness': 46, 'timing': 56, 'total_sleep': 75}",1/9/2024,70,2024-01-09T00:00:00+00:00
72d6690e-32c3-417a-b2fb-1e738df4d8ad,"{'deep_sleep': 52, 'efficiency': 83, 'latency': 94, 'rem_sleep': 67, 'restfulness': 39, 'timing': 46, 'total_sleep': 78}",1/10/2024,67,2024-01-10T00:00:00+00:00
be45aaff-0b0d-4df6-aed6-85638d19d89a,"{'deep_sleep': 83, 'efficiency': 81, 'latency': 94, 'rem_sleep': 95, 'restfulness': 34, 'timing': 49, 'total_sleep': 77}",1/11/2024,72,2024-01-11T00:00:00+00:00
ac306842-3c5a-4064-b692-e585fdb47613,"{'deep_sleep': 74, 'efficiency': 88, 'latency': 67, 'rem_sleep': 67, 'restfulness': 52, 'timing': 43, 'total_sleep': 74}",1/12/2024,68,2024-01-12T00:00:00+00:00
db31fc78-04a0-40ce-8466-180a27d2f0c6,"{'deep_sleep': 88, 'efficiency': 86, 'latency': 94, 'rem_sleep': 74, 'restfulness': 52, 'timing': 27, 'total_sleep': 70}",1/13/2024,69,2024-01-13T00:00:00+00:00
1bb43861-d5b3-4dbd-8d16-4dba2e121e4d,"{'deep_sleep': 80, 'efficiency': 74, 'latency': 94, 'rem_sleep': 63, 'restfulness': 45, 'timing': 30, 'total_sleep': 86}",1/14/2024,71,2024-01-14T00:00:00+00:00
730f3133-5d22-4a90-9dbd-ad17ebd30bec,"{'deep_sleep': 49, 'efficiency': 95, 'latency': 64, 'rem_sleep': 53, 'restfulness': 63, 'timing': 32, 'total_sleep': 64}",1/15/2024,61,2024-01-15T00:00:00+00:00
525faeb5-473d-4d9d-bb51-d9cabf7de979,"{'deep_sleep': 85, 'efficiency': 81, 'latency': 75, 'rem_sleep': 35, 'restfulness': 56, 'timing': 61, 'total_sleep': 67}",1/16/2024,66,2024-01-16T00:00:00+00:00
c6974584-f41b-49ff-ba1b-0f45dcea1eb7,"{'deep_sleep': 77, 'efficiency': 90, 'latency': 67, 'rem_sleep': 70, 'restfulness': 36, 'timing': 37, 'total_sleep': 59}",1/17/2024,60,2024-01-17T00:00:00+00:00
4712fcb4-40e8-43a8-a2ce-51e6f0615a98,"{'deep_sleep': 73, 'efficiency': 83, 'latency': 89, 'rem_sleep': 75, 'restfulness': 61, 'timing': 61, 'total_sleep': 65}",1/18/2024,70,2024-01-18T00:00:00+00:00
b78189c9-c714-4944-b91c-3960d0318c7a,"{'deep_sleep': 83, 'efficiency': 76, 'latency': 91, 'rem_sleep': 45, 'restfulness': 56, 'timing': 41, 'total_sleep': 80}",1/19/2024,70,2024-01-19T00:00:00+00:00
a8e242ab-f223-4c3f-b278-4e9dbf74134c,"{'deep_sleep': 84, 'efficiency': 81, 'latency': 91, 'rem_sleep': 92, 'restfulness': 52, 'timing': 38, 'total_sleep': 76}",1/20/2024,73,2024-01-20T00:00:00+00:00
567d6426-b674-4358-969d-b0be90c7b49d,"{'deep_sleep': 91, 'efficiency': 83, 'latency': 89, 'rem_sleep': 96, 'restfulness': 61, 'timing': 26, 'total_sleep': 77}",1/21/2024,75,2024-01-21T00:00:00+00:00
4c5c4dd9-78d6-4e3b-9ace-6bf3dec7af0f,"{'deep_sleep': 58, 'efficiency': 90, 'latency': 72, 'rem_sleep': 45, 'restfulness': 63, 'timing': 82, 'total_sleep': 61}",1/22/2024,65,2024-01-22T00:00:00+00:00
315077b1-a11b-48f1-9631-d045aa592e2f,"{'deep_sleep': 65, 'efficiency': 72, 'latency': 91, 'rem_sleep': 60, 'restfulness': 56, 'timing': 98, 'total_sleep': 80}",1/23/2024,75,2024-01-23T00:00:00+00:00
7091aeee-9413-44cb-a3d7-038c43ddba1a,"{'deep_sleep': 66, 'efficiency': 83, 'latency': 94, 'rem_sleep': 65, 'restfulness': 59, 'timing': 100, 'total_sleep': 78}",1/24/2024,77,2024-01-24T00:00:00+00:00
c2cc1b9e-95a0-4734-ba9a-1f0a50462c1b,"{'deep_sleep': 33, 'efficiency': 76, 'latency': 94, 'rem_sleep': 56, 'restfulness': 53, 'timing': 76, 'total_sleep': 75}",1/25/2024,68,2024-01-25T00:00:00+00:00
d6b6b3ee-3866-4975-8eb9-d97ac6547c93,"{'deep_sleep': 68, 'efficiency': 74, 'latency': 86, 'rem_sleep': 67, 'restfulness': 47, 'timing': 87, 'total_sleep': 73}",1/26/2024,71,2024-01-26T00:00:00+00:00
5401b160-3a3a-4e48-90a0-b058cf7a14d5,"{'deep_sleep': 62, 'efficiency': 83, 'latency': 97, 'rem_sleep': 71, 'restfulness': 35, 'timing': 71, 'total_sleep': 77}",1/27/2024,71,2024-01-27T00:00:00+00:00
9ccea6ef-51a4-4fb9-b03e-b7f3c77edc21,"{'deep_sleep': 81, 'efficiency': 83, 'latency': 94, 'rem_sleep': 53, 'restfulness': 58, 'timing': 26, 'total_sleep': 70}",1/28/2024,67,2024-01-28T00:00:00+00:00
161d33f6-5ab9-46d8-83df-75e99bd32178,"{'deep_sleep': 40, 'efficiency': 69, 'latency': 22, 'rem_sleep': 32, 'restfulness': 82, 'timing': 45, 'total_sleep': 31}",1/29/2024,44,2024-01-29T00:00:00+00:00
fda2a7a4-5959-4731-a4f7-d25ed3924445,"{'deep_sleep': 93, 'efficiency': 86, 'latency': 56, 'rem_sleep': 95, 'restfulness': 53, 'timing': 78, 'total_sleep': 80}",1/30/2024,77,2024-01-30T00:00:00+00:00
0cf71900-1ced-4308-aed7-29394ed33e03,"{'deep_sleep': 57, 'efficiency': 69, 'latency': 86, 'rem_sleep': 60, 'restfulness': 52, 'timing': 78, 'total_sleep': 75}",1/31/2024,69,2024-01-31T00:00:00+00:00
fe3329aa-52c6-4e5c-91fe-573a95cd7f5d,"{'deep_sleep': 75, 'efficiency': 72, 'latency': 97, 'rem_sleep': 61, 'restfulness': 41, 'timing': 92, 'total_sleep': 78}",2/1/2024,73,2024-02-01T00:00:00+00:00
a3a931ca-7892-41e0-819a-01db111a60fe,"{'deep_sleep': 87, 'efficiency': 83, 'latency': 94, 'rem_sleep': 67, 'restfulness': 42, 'timing': 86, 'total_sleep': 78}",2/2/2024,75,2024-02-02T00:00:00+00:00
495eb8a6-7574-4f51-b564-d10de9f45655,"{'deep_sleep': 79, 'efficiency': 81, 'latency': 86, 'rem_sleep': 82, 'restfulness': 57, 'timing': 60, 'total_sleep': 77}",2/3/2024,74,2024-02-03T00:00:00+00:00
8f0df3c1-60da-4655-9d8d-1070d393537f,"{'deep_sleep': 44, 'efficiency': 86, 'latency': 91, 'rem_sleep': 71, 'restfulness': 60, 'timing': 27, 'total_sleep': 69}",2/4/2024,65,2024-02-04T00:00:00+00:00
984332dd-6e73-4125-a40a-687c8b15b03a,"{'deep_sleep': 70, 'efficiency': 90, 'latency': 75, 'rem_sleep': 80, 'restfulness': 70, 'timing': 88, 'total_sleep': 70}",2/5/2024,75,2024-02-05T00:00:00+00:00
10190c4b-ff5d-43b0-9b90-0c42b29c55ee,"{'deep_sleep': 74, 'efficiency': 81, 'latency': 56, 'rem_sleep': 84, 'restfulness': 64, 'timing': 80, 'total_sleep': 76}",2/6/2024,74,2024-02-06T00:00:00+00:00
97d2d708-6b4d-4e67-a1c4-9a0457454107,"{'deep_sleep': 61, 'efficiency': 81, 'latency': 99, 'rem_sleep': 61, 'restfulness': 73, 'timing': 74, 'total_sleep': 67}",2/7/2024,72,2024-02-07T00:00:00+00:00
54c8bba4-00e6-4e24-9a1c-260a2ed13131,"{'deep_sleep': 69, 'efficiency': 62, 'latency': 91, 'rem_sleep': 47, 'restfulness': 32, 'timing': 94, 'total_sleep': 76}",2/8/2024,68,2024-02-08T00:00:00+00:00
c85d830d-c40d-4262-ae80-a4fce005d3b8,"{'deep_sleep': 53, 'efficiency': 65, 'latency': 48, 'rem_sleep': 57, 'restfulness': 30, 'timing': 63, 'total_sleep': 54}",2/9/2024,52,2024-02-09T00:00:00+00:00
dbc87a35-f650-41a9-b825-3effb3f1f814,"{'deep_sleep': 59, 'efficiency': 83, 'latency': 70, 'rem_sleep': 62, 'restfulness': 60, 'timing': 42, 'total_sleep': 77}",2/10/2024,68,2024-02-10T00:00:00+00:00
1fd604ed-da53-448e-a2cb-36f005587634,"{'deep_sleep': 58, 'efficiency': 79, 'latency': 91, 'rem_sleep': 71, 'restfulness': 58, 'timing': 42, 'total_sleep': 70}",2/11/2024,67,2024-02-11T00:00:00+00:00
12790fc0-86ce-48fb-8710-0348488bbac0,"{'deep_sleep': 60, 'efficiency': 65, 'latency': 81, 'rem_sleep': 36, 'restfulness': 33, 'timing': 43, 'total_sleep': 53}",2/12/2024,52,2024-02-12T00:00:00+00:00
25918e4f-bdab-4128-bf85-72181a72bd92,"{'deep_sleep': 75, 'efficiency': 86, 'latency': 89, 'rem_sleep': 62, 'restfulness': 57, 'timing': 84, 'total_sleep': 81}",2/13/2024,76,2024-02-13T00:00:00+00:00
cb2cf275-cae0-431a-980d-21304a2135be,"{'deep_sleep': 51, 'efficiency': 72, 'latency': 89, 'rem_sleep': 40, 'restfulness': 42, 'timing': 97, 'total_sleep': 70}",2/14/2024,66,2024-02-14T00:00:00+00:00
bdc781eb-b731-4da9-aebe-6aa8ef4b8178,"{'deep_sleep': 64, 'efficiency': 58, 'latency': 86, 'rem_sleep': 49, 'restfulness': 56, 'timing': 93, 'total_sleep': 72}",2/15/2024,68,2024-02-15T00:00:00+00:00
f39038f6-1247-4359-a16f-49b3e2fc971c,"{'deep_sleep': 67, 'efficiency': 67, 'latency': 48, 'rem_sleep': 58, 'restfulness': 73, 'timing': 67, 'total_sleep': 60}",2/16/2024,63,2024-02-16T00:00:00+00:00
052ccf98-41c4-4314-938b-deb7c88dbec1,"{'deep_sleep': 53, 'efficiency': 76, 'latency': 89, 'rem_sleep': 62, 'restfulness': 53, 'timing': 50, 'total_sleep': 80}",2/17/2024,69,2024-02-17T00:00:00+00:00
303ce1d6-051f-4a13-bff8-97f1e69a15e8,"{'deep_sleep': 50, 'efficiency': 81, 'latency': 83, 'rem_sleep': 66, 'restfulness': 59, 'timing': 43, 'total_sleep': 78}",2/18/2024,68,2024-02-18T00:00:00+00:00
d94cb5b3-f1ed-44d4-9dff-d777f4884407,"{'deep_sleep': 76, 'efficiency': 74, 'latency': 56, 'rem_sleep': 56, 'restfulness': 35, 'timing': 87, 'total_sleep': 62}",2/19/2024,62,2024-02-19T00:00:00+00:00
766203dc-559f-4a5e-9f42-0a3f56ab5619,"{'deep_sleep': 57, 'efficiency': 83, 'latency': 91, 'rem_sleep': 63, 'restfulness': 63, 'timing': 90, 'total_sleep': 85}",2/20/2024,78,2024-02-20T00:00:00+00:00
a3fd285d-6e6b-4cb7-8db7-74b5af31919c,"{'deep_sleep': 75, 'efficiency': 88, 'latency': 94, 'rem_sleep': 76, 'restfulness': 61, 'timing': 96, 'total_sleep': 83}",2/21/2024,81,2024-02-21T00:00:00+00:00
66b6c93b-9311-4590-958a-71ddda06e49b,"{'deep_sleep': 51, 'efficiency': 74, 'latency': 91, 'rem_sleep': 55, 'restfulness': 51, 'timing': 83, 'total_sleep': 75}",2/22/2024,69,2024-02-22T00:00:00+00:00
8b43e2fe-3a8e-4c2c-b378-dda2f1b7385c,"{'deep_sleep': 87, 'efficiency': 93, 'latency': 91, 'rem_sleep': 95, 'restfulness': 55, 'timing': 32, 'total_sleep': 73}",2/23/2024,74,2024-02-23T00:00:00+00:00
dbce7349-f120-4bdc-bbbb-fe1b35627fb7,"{'deep_sleep': 96, 'efficiency': 90, 'latency': 81, 'rem_sleep': 44, 'restfulness': 59, 'timing': 29, 'total_sleep': 92}",2/24/2024,75,2024-02-24T00:00:00+00:00
226d1518-5692-4835-aff9-7917289cb224,"{'deep_sleep': 59, 'efficiency': 72, 'latency': 94, 'rem_sleep': 64, 'restfulness': 59, 'timing': 31, 'total_sleep': 64}",2/25/2024,63,2024-02-25T00:00:00+00:00
110ec017-e969-49f8-bb22-2dec9dcd907f,"{'deep_sleep': 45, 'efficiency': 76, 'latency': 37, 'rem_sleep': 74, 'restfulness': 38, 'timing': 79, 'total_sleep': 61}",2/26/2024,58,2024-02-26T00:00:00+00:00
23f4ddad-e49d-4a15-94e2-5e1aa8499b48,"{'deep_sleep': 70, 'efficiency': 79, 'latency': 81, 'rem_sleep': 67, 'restfulness': 51, 'timing': 84, 'total_sleep': 73}",2/27/2024,71,2024-02-27T00:00:00+00:00
30f78cca-88dc-4285-9b6e-220441fd87c5,"{'deep_sleep': 44, 'efficiency': 81, 'latency': 94, 'rem_sleep': 60, 'restfulness': 73, 'timing': 100, 'total_sleep': 75}",2/28/2024,75,2024-02-28T00:00:00+00:00
47645233-dec4-4543-bf9c-8aff1e3af286,"{'deep_sleep': 64, 'efficiency': 74, 'latency': 91, 'rem_sleep': 51, 'restfulness': 38, 'timing': 78, 'total_sleep': 75}",2/29/2024,68,2024-02-29T00:00:00+00:00
bc009717-eb02-4f2a-84ac-26607348e447,"{'deep_sleep': 60, 'efficiency': 67, 'latency': 89, 'rem_sleep': 71, 'restfulness': 43, 'timing': 65, 'total_sleep': 70}",3/1/2024,66,2024-03-01T00:00:00+00:00
6ccd2993-3c08-41a4-8500-473e013ec23b,"{'deep_sleep': 70, 'efficiency': 86, 'latency': 78, 'rem_sleep': 73, 'restfulness': 62, 'timing': 61, 'total_sleep': 81}",3/2/2024,75,2024-03-02T00:00:00+00:00
075420c0-4b3a-457b-8bc0-e5829cf5b62c,"{'deep_sleep': 48, 'efficiency': 74, 'latency': 81, 'rem_sleep': 71, 'restfulness': 54, 'timing': 61, 'total_sleep': 72}",3/3/2024,67,2024-03-03T00:00:00+00:00
bbe495bd-759e-445a-beab-717e033f7f11,"{'deep_sleep': 56, 'efficiency': 88, 'latency': 81, 'rem_sleep': 73, 'restfulness': 64, 'timing': 92, 'total_sleep': 84}",3/4/2024,78,2024-03-04T00:00:00+00:00
efd4478d-32f2-4b8f-8cce-de6f5afc2890,"{'deep_sleep': 62, 'efficiency': 88, 'latency': 91, 'rem_sleep': 93, 'restfulness': 53, 'timing': 78, 'total_sleep': 79}",3/5/2024,77,2024-03-05T00:00:00+00:00
9d60dac8-9f99-4bf4-836c-e0a2e8be0194,"{'deep_sleep': 35, 'efficiency': 74, 'latency': 94, 'rem_sleep': 56, 'restfulness': 55, 'timing': 91, 'total_sleep': 74}",3/6/2024,69,2024-03-06T00:00:00+00:00
adcd4f27-8dcd-4c99-8d6d-751b12a7cecf,"{'deep_sleep': 37, 'efficiency': 93, 'latency': 75, 'rem_sleep': 81, 'restfulness': 54, 'timing': 67, 'total_sleep': 79}",3/7/2024,71,2024-03-07T00:00:00+00:00
fea35947-c836-4258-912a-66691c820682,"{'deep_sleep': 87, 'efficiency': 81, 'latency': 81, 'rem_sleep': 88, 'restfulness': 63, 'timing': 74, 'total_sleep': 76}",3/8/2024,77,2024-03-08T00:00:00+00:00
e0b14989-1fe4-43ea-9127-8f0d26842c48,"{'deep_sleep': 50, 'efficiency': 83, 'latency': 99, 'rem_sleep': 78, 'restfulness': 50, 'timing': 72, 'total_sleep': 75}",3/9/2024,72,2024-03-09T00:00:00+00:00
20a1f191-dbf4-46bf-9474-3fd385c15bc8,"{'deep_sleep': 69, 'efficiency': 86, 'latency': 91, 'rem_sleep': 69, 'restfulness': 45, 'timing': 82, 'total_sleep': 80}",3/10/2024,74,2024-03-10T00:00:00+00:00
74f7071e-96c2-427e-8dd9-50dbd3ea123c,"{'deep_sleep': 47, 'efficiency': 67, 'latency': 97, 'rem_sleep': 51, 'restfulness': 48, 'timing': 62, 'total_sleep': 47}",3/11/2024,56,2024-03-11T00:00:00+00:00
41f6a4f9-beb0-47ec-9b7d-13045d3d5a1b,"{'deep_sleep': 53, 'efficiency': 86, 'latency': 75, 'rem_sleep': 53, 'restfulness': 59, 'timing': 78, 'total_sleep': 73}",3/12/2024,69,2024-03-12T00:00:00+00:00
7875ccb9-b668-4004-bef1-4e8e499210b6,"{'deep_sleep': 60, 'efficiency': 93, 'latency': 70, 'rem_sleep': 56, 'restfulness': 51, 'timing': 84, 'total_sleep': 62}",3/13/2024,66,2024-03-13T00:00:00+00:00
b0c9e016-bd84-474c-9840-7ce5ef7eaf35,"{'deep_sleep': 63, 'efficiency': 76, 'latency': 94, 'rem_sleep': 94, 'restfulness': 40, 'timing': 90, 'total_sleep': 89}",3/14/2024,79,2024-03-14T00:00:00+00:00
c097d89d-975e-4848-b93e-f12ddfdd3c53,"{'deep_sleep': 96, 'efficiency': 86, 'latency': 99, 'rem_sleep': 53, 'restfulness': 52, 'timing': 44, 'total_sleep': 71}",3/15/2024,70,2024-03-14T20:00:00-04:00
026721e9-bd4e-4b8b-94bf-3d2eb2bab12f,"{'deep_sleep': 88, 'efficiency': 79, 'latency': 78, 'rem_sleep': 40, 'restfulness': 57, 'timing': 73, 'total_sleep': 74}",3/16/2024,70,2024-03-16T00:00:00+00:00
da5ab98e-58b3-4933-829a-f539cfbd9cc4,"{'deep_sleep': 83, 'efficiency': 79, 'latency': 59, 'rem_sleep': 67, 'restfulness': 64, 'timing': 16, 'total_sleep': 92}",3/17/2024,73,2024-03-17T00:00:00+00:00
18d90470-95bb-480a-b9cc-ca9897781ba5,"{'deep_sleep': 47, 'efficiency': 86, 'latency': 86, 'rem_sleep': 44, 'restfulness': 53, 'timing': 73, 'total_sleep': 56}",3/18/2024,61,2024-03-18T00:00:00+00:00
6b8a4558-a016-4ef8-85a3-97118e5b158b,"{'deep_sleep': 56, 'efficiency': 69, 'latency': 78, 'rem_sleep': 89, 'restfulness': 45, 'timing': 66, 'total_sleep': 68}",3/19/2024,66,2024-03-19T00:00:00+00:00
4858d1db-c54c-4e75-b873-45e4661f7402,"{'deep_sleep': 58, 'efficiency': 76, 'latency': 81, 'rem_sleep': 59, 'restfulness': 36, 'timing': 100, 'total_sleep': 77}",3/20/2024,70,2024-03-20T00:00:00+00:00
944533df-47eb-46b2-9f16-db907e0c17c0,"{'deep_sleep': 45, 'efficiency': 74, 'latency': 89, 'rem_sleep': 74, 'restfulness': 39, 'timing': 90, 'total_sleep': 86}",3/21/2024,73,2024-03-21T00:00:00+00:00
d5d6052b-0b9b-4f7d-b199-ad06f6f56db6,"{'deep_sleep': 60, 'efficiency': 74, 'latency': 83, 'rem_sleep': 63, 'restfulness': 50, 'timing': 76, 'total_sleep': 71}",3/22/2024,68,2024-03-22T00:00:00+00:00
93b0ab4f-1e1d-4ce9-a6ee-98f4ce10323d,"{'deep_sleep': 54, 'efficiency': 86, 'latency': 81, 'rem_sleep': 71, 'restfulness': 65, 'timing': 52, 'total_sleep': 81}",3/23/2024,72,2024-03-23T00:00:00+00:00
5694493a-c46d-428d-a2fd-76d43bbd549f,"{'deep_sleep': 54, 'efficiency': 74, 'latency': 94, 'rem_sleep': 66, 'restfulness': 26, 'timing': 66, 'total_sleep': 76}",3/24/2024,66,2024-03-24T00:00:00+00:00
82a954d3-cb69-42fb-8bc9-cb86d77a4938,"{'deep_sleep': 95, 'efficiency': 79, 'latency': 83, 'rem_sleep': 51, 'restfulness': 39, 'timing': 100, 'total_sleep': 69}",3/25/2024,71,2024-03-25T00:00:00+00:00
d6227c32-d523-4aa3-afd4-0b7b9595265b,"{'deep_sleep': 72, 'efficiency': 65, 'latency': 91, 'rem_sleep': 59, 'restfulness': 56, 'timing': 91, 'total_sleep': 71}",3/26/2024,71,2024-03-26T00:00:00+00:00
1858f579-78e4-41a3-872f-c3360bf871fe,"{'deep_sleep': 71, 'efficiency': 90, 'latency': 81, 'rem_sleep': 82, 'restfulness': 74, 'timing': 84, 'total_sleep': 73}",3/27/2024,77,2024-03-27T00:00:00+00:00
26b3d77b-c129-471c-a3f7-0f78c78ead42,"{'deep_sleep': 37, 'efficiency': 88, 'latency': 99, 'rem_sleep': 69, 'restfulness': 50, 'timing': 93, 'total_sleep': 72}",3/28/2024,71,2024-03-28T00:00:00+00:00
820e9369-3545-49de-93ec-bb81a38bb5b0,"{'deep_sleep': 40, 'efficiency': 69, 'latency': 97, 'rem_sleep': 53, 'restfulness': 50, 'timing': 85, 'total_sleep': 81}",3/29/2024,70,2024-03-29T00:00:00+00:00
8caf9a2d-a242-43cc-9468-21617b40f8dd,"{'deep_sleep': 84, 'efficiency': 88, 'latency': 67, 'rem_sleep': 69, 'restfulness': 55, 'timing': 56, 'total_sleep': 76}",3/30/2024,71,2024-03-30T00:00:00+00:00
26922e78-e686-4ba9-aaff-86e7bd08b943,"{'deep_sleep': 43, 'efficiency': 76, 'latency': 75, 'rem_sleep': 67, 'restfulness': 62, 'timing': 52, 'total_sleep': 70}",3/31/2024,65,2024-03-31T00:00:00+00:00
00596c74-31c0-4131-9cdb-71f86f6696ea,"{'deep_sleep': 63, 'efficiency': 69, 'latency': 75, 'rem_sleep': 61, 'restfulness': 41, 'timing': 76, 'total_sleep': 73}",4/1/2024,66,2024-04-01T00:00:00+00:00
09a51c47-7865-42c4-a4e9-7e5bd121795a,"{'deep_sleep': 84, 'efficiency': 69, 'latency': 75, 'rem_sleep': 58, 'restfulness': 57, 'timing': 87, 'total_sleep': 76}",4/2/2024,72,2024-04-02T00:00:00+00:00
2918e26d-0874-4020-9697-3d4e4a4ab934,"{'deep_sleep': 96, 'efficiency': 96, 'latency': 78, 'rem_sleep': 80, 'restfulness': 68, 'timing': 59, 'total_sleep': 78}",4/3/2024,78,2024-04-03T00:00:00+00:00
e13b1d3a-7ff9-4ebb-8674-753b842aa364,"{'deep_sleep': 30, 'efficiency': 74, 'latency': 51, 'rem_sleep': 68, 'restfulness': 21, 'timing': 77, 'total_sleep': 76}",4/4/2024,60,2024-04-04T00:00:00+00:00
2da6d3c5-d312-4d52-bbb3-6494332ab5c1,"{'deep_sleep': 54, 'efficiency': 83, 'latency': 89, 'rem_sleep': 64, 'restfulness': 66, 'timing': 75, 'total_sleep': 70}",4/5/2024,71,2024-04-05T00:00:00+00:00
331de256-eb45-4d0e-ac46-3ccab443a0aa,"{'deep_sleep': 74, 'efficiency': 93, 'latency': 78, 'rem_sleep': 79, 'restfulness': 56, 'timing': 47, 'total_sleep': 69}",4/6/2024,70,2024-04-06T00:00:00+00:00
7fadb438-5555-45b1-8771-25cd7efe3306,"{'deep_sleep': 97, 'efficiency': 86, 'latency': 94, 'rem_sleep': 81, 'restfulness': 40, 'timing': 27, 'total_sleep': 93}",4/7/2024,77,2024-04-07T00:00:00+00:00
75d44ea1-6553-4b2b-ba7b-0938535a96c0,"{'deep_sleep': 37, 'efficiency': 79, 'latency': 86, 'rem_sleep': 43, 'restfulness': 69, 'timing': 63, 'total_sleep': 56}",4/8/2024,61,2024-04-08T00:00:00+00:00
0e12d22c-e344-496b-9bea-b98e7f6a56ac,"{'deep_sleep': 58, 'efficiency': 76, 'latency': 83, 'rem_sleep': 45, 'restfulness': 66, 'timing': 59, 'total_sleep': 59}",4/9/2024,63,2024-04-09T00:00:00+00:00
103730cb-a199-4aca-a751-9bc36117de71,"{'deep_sleep': 96, 'efficiency': 79, 'latency': 94, 'rem_sleep': 79, 'restfulness': 56, 'timing': 78, 'total_sleep': 78}",4/10/2024,78,2024-04-10T00:00:00+00:00
81145500-a8f0-48db-99b8-07eb519802bf,"{'deep_sleep': 46, 'efficiency': 69, 'latency': 91, 'rem_sleep': 59, 'restfulness': 44, 'timing': 81, 'total_sleep': 73}",4/11/2024,67,2024-04-10T18:00:00-06:00
fd13a2e8-7a4a-4c92-9085-89f10b470693,"{'deep_sleep': 78, 'efficiency': 74, 'latency': 83, 'rem_sleep': 48, 'restfulness': 46, 'timing': 74, 'total_sleep': 76}",4/12/2024,69,2024-04-12T00:00:00+00:00
4a073cb1-5ade-4ce9-8ea9-ecbacd74530e,"{'deep_sleep': 65, 'efficiency': 88, 'latency': 75, 'rem_sleep': 58, 'restfulness': 45, 'timing': 49, 'total_sleep': 83}",4/13/2024,69,2024-04-13T00:00:00+00:00
ae1c90b0-1f72-4ac9-8636-d5c192effe60,"{'deep_sleep': 65, 'efficiency': 90, 'latency': 94, 'rem_sleep': 67, 'restfulness': 54, 'timing': 47, 'total_sleep': 73}",4/14/2024,70,2024-04-14T00:00:00+00:00
f39fd5e0-16de-4fbe-af1f-ec95f548d816,"{'deep_sleep': 72, 'efficiency': 83, 'latency': 64, 'rem_sleep': 63, 'restfulness': 54, 'timing': 90, 'total_sleep': 69}",4/15/2024,69,2024-04-15T00:00:00+00:00
bf997111-1f97-4ec9-a4a1-5d4b37585feb,"{'deep_sleep': 61, 'efficiency': 86, 'latency': 78, 'rem_sleep': 80, 'restfulness': 66, 'timing': 76, 'total_sleep': 73}",4/16/2024,74,2024-04-16T00:00:00+00:00
09c1246f-3bbd-410c-9ffa-05de9285bd53,"{'deep_sleep': 83, 'efficiency': 90, 'latency': 89, 'rem_sleep': 88, 'restfulness': 58, 'timing': 69, 'total_sleep': 81}",4/17/2024,79,2024-04-17T00:00:00+00:00
07c1933f-de0c-454c-8703-99578f4cb384,"{'deep_sleep': 51, 'efficiency': 69, 'latency': 91, 'rem_sleep': 49, 'restfulness': 53, 'timing': 79, 'total_sleep': 69}",4/18/2024,66,2024-04-18T00:00:00+00:00
537da225-e54e-4772-8607-78cd1ecf7ddf,"{'deep_sleep': 58, 'efficiency': 69, 'latency': 99, 'rem_sleep': 53, 'restfulness': 61, 'timing': 82, 'total_sleep': 79}",4/19/2024,73,2024-04-19T00:00:00+00:00
65b69a69-94f2-47eb-b263-910ade85a6ab,"{'deep_sleep': 92, 'efficiency': 60, 'latency': 89, 'rem_sleep': 49, 'restfulness': 26, 'timing': 57, 'total_sleep': 72}",4/20/2024,64,2024-04-20T00:00:00+00:00
52e49c97-d83b-4ebf-9322-1e3c6490f998,"{'deep_sleep': 95, 'efficiency': 83, 'latency': 81, 'rem_sleep': 71, 'restfulness': 64, 'timing': 20, 'total_sleep': 68}",4/21/2024,68,2024-04-21T00:00:00+00:00
2c07ff4b-d868-45a5-939f-5ac193356cce,"{'deep_sleep': 62, 'efficiency': 81, 'latency': 94, 'rem_sleep': 55, 'restfulness': 42, 'timing': 94, 'total_sleep': 69}",4/22/2024,69,2024-04-21T17:00:00-07:00
72c779af-967e-4d54-b4b8-b8ded8fdbd1c,"{'deep_sleep': 37, 'efficiency': 81, 'latency': 99, 'rem_sleep': 87, 'restfulness': 36, 'timing': 58, 'total_sleep': 74}",4/23/2024,68,2024-04-23T00:00:00+00:00
f57bfda0-5c52-457f-bc9b-22d0023c02c5,"{'deep_sleep': 68, 'efficiency': 81, 'latency': 97, 'rem_sleep': 54, 'restfulness': 65, 'timing': 73, 'total_sleep': 70}",4/24/2024,72,2024-04-23T20:00:00-04:00
b3b2c559-ce3e-417e-8fa1-0ee68b79e85e,"{'deep_sleep': 29, 'efficiency': 81, 'latency': 83, 'rem_sleep': 62, 'restfulness': 43, 'timing': 73, 'total_sleep': 66}",4/25/2024,62,2024-04-24T18:00:00-06:00
0398c2f2-7804-48c7-8ecb-976b4901e883,"{'deep_sleep': 72, 'efficiency': 74, 'latency': 75, 'rem_sleep': 62, 'restfulness': 39, 'timing': 55, 'total_sleep': 67}",4/26/2024,63,2024-04-26T00:00:00+00:00
bf3309b5-9d21-43d0-88ce-fe981a27a163,"{'deep_sleep': 55, 'efficiency': 88, 'latency': 94, 'rem_sleep': 53, 'restfulness': 72, 'timing': 39, 'total_sleep': 66}",4/27/2024,67,2024-04-27T00:00:00+00:00
bce91565-7ed1-4d6e-8683-827b745ee46b,"{'deep_sleep': 98, 'efficiency': 79, 'latency': 86, 'rem_sleep': 49, 'restfulness': 59, 'timing': 46, 'total_sleep': 72}",4/28/2024,70,2024-04-28T00:00:00+00:00
2ae03ca9-691d-4096-94b0-7966a6fc5448,"{'deep_sleep': 98, 'efficiency': 83, 'latency': 86, 'rem_sleep': 49, 'restfulness': 59, 'timing': 46, 'total_sleep': 72}",4/28/2024,70,2024-04-28T00:00:00+00:00
bad7c3bb-7fc4-4998-803d-9e419266ec10,"{'deep_sleep': 63, 'efficiency': 81, 'latency': 91, 'rem_sleep': 53, 'restfulness': 47, 'timing': 86, 'total_sleep': 68}",4/29/2024,68,2024-04-29T00:00:00+00:00
109b27df-ad8f-4aad-9368-7437b95c5dc5,"{'deep_sleep': 45, 'efficiency': 86, 'latency': 67, 'rem_sleep': 62, 'restfulness': 46, 'timing': 80, 'total_sleep': 79}",4/30/2024,69,2024-04-30T00:00:00+00:00
aa8b4abc-f12d-4323-9e47-9b488efa1ec9,"{'deep_sleep': 71, 'efficiency': 74, 'latency': 97, 'rem_sleep': 42, 'restfulness': 59, 'timing': 76, 'total_sleep': 72}",5/1/2024,70,2024-05-01T00:00:00+00:00
aaf0f67c-55d9-4be9-bf2e-d04089984bbf,"{'deep_sleep': 44, 'efficiency': 79, 'latency': 89, 'rem_sleep': 68, 'restfulness': 43, 'timing': 41, 'total_sleep': 68}",5/2/2024,62,2024-05-02T00:00:00+00:00
ac1e85e5-84a4-4138-b10a-b636e884be0e,"{'deep_sleep': 72, 'efficiency': 81, 'latency': 97, 'rem_sleep': 53, 'restfulness': 55, 'timing': 53, 'total_sleep': 70}",5/3/2024,68,2024-05-03T00:00:00+00:00
5332a67b-82ba-4a1a-a6db-45a6a1f14cef,"{'deep_sleep': 80, 'efficiency': 65, 'latency': 81, 'rem_sleep': 47, 'restfulness': 43, 'timing': 24, 'total_sleep': 69}",5/4/2024,60,2024-05-04T00:00:00+00:00
e1903629-9607-4f47-9751-67ca34c4b43d,"{'deep_sleep': 77, 'efficiency': 72, 'latency': 78, 'rem_sleep': 36, 'restfulness': 37, 'timing': 15, 'total_sleep': 50}",5/5/2024,51,2024-05-05T00:00:00+00:00
ed02cc63-a9aa-4fd2-9b97-1bfb2d9f20c8,"{'deep_sleep': 87, 'efficiency': 93, 'latency': 83, 'rem_sleep': 62, 'restfulness': 62, 'timing': 77, 'total_sleep': 50}",5/6/2024,67,2024-05-05T18:00:00-06:00
96ba8333-4694-430d-8e5f-5d616d7e9280,"{'deep_sleep': 70, 'efficiency': 86, 'latency': 94, 'rem_sleep': 36, 'restfulness': 48, 'timing': 44, 'total_sleep': 52}",5/7/2024,58,2024-05-07T00:00:00+00:00
0cc0731f-853c-4111-97d2-7d9d68a48c92,"{'deep_sleep': 98, 'efficiency': 90, 'latency': 89, 'rem_sleep': 80, 'restfulness': 59, 'timing': 60, 'total_sleep': 79}",5/8/2024,78,2024-05-07T19:00:00-05:00
26a0b69a-cfcc-4cd4-aef2-54de45062ddb,"{'deep_sleep': 48, 'efficiency': 79, 'latency': 86, 'rem_sleep': 67, 'restfulness': 60, 'timing': 75, 'total_sleep': 67}",5/9/2024,68,2024-05-09T00:00:00+00:00
1e5982b2-9511-41d5-9861-9c7884094afc,"{'deep_sleep': 96, 'efficiency': 69, 'latency': 91, 'rem_sleep': 86, 'restfulness': 34, 'timing': 14, 'total_sleep': 75}",5/10/2024,67,2024-05-10T00:00:00+00:00
37574e4b-8a0a-43ce-bd7b-cf35b187c343,"{'deep_sleep': 60, 'efficiency': 83, 'latency': 83, 'rem_sleep': 58, 'restfulness': 39, 'timing': 36, 'total_sleep': 64}",5/11/2024,60,2024-05-11T00:00:00+00:00
9ee3daf5-d6f3-4abc-8322-ac4de5015ac5,"{'deep_sleep': 95, 'efficiency': 86, 'latency': 99, 'rem_sleep': 94, 'restfulness': 55, 'timing': 48, 'total_sleep': 78}",5/12/2024,78,2024-05-12T00:00:00+00:00
126cde21-29fe-4657-854f-b7639f2abe1f,"{'deep_sleep': 56, 'efficiency': 83, 'latency': 97, 'rem_sleep': 37, 'restfulness': 54, 'timing': 100, 'total_sleep': 48}",5/13/2024,62,2024-05-13T00:00:00+00:00
7f6c6354-5ded-48a3-8354-d3f48eecc499,"{'deep_sleep': 55, 'efficiency': 83, 'latency': 91, 'rem_sleep': 77, 'restfulness': 65, 'timing': 84, 'total_sleep': 79}",5/14/2024,76,2024-05-14T00:00:00+00:00
b4fa267f-6797-4258-ba9e-133d1bde33ed,"{'deep_sleep': 49, 'efficiency': 88, 'latency': 81, 'rem_sleep': 64, 'restfulness': 60, 'timing': 86, 'total_sleep': 84}",5/15/2024,75,2024-05-15T00:00:00+00:00
4107b0b0-dc47-4f47-afa7-5cb3b921918a,"{'deep_sleep': 91, 'efficiency': 90, 'latency': 91, 'rem_sleep': 93, 'restfulness': 52, 'timing': 96, 'total_sleep': 90}",5/16/2024,85,2024-05-15T19:00:00-05:00
6974c07e-5e6f-4c2b-8c99-5865a8da553f,"{'deep_sleep': 79, 'efficiency': 90, 'latency': 75, 'rem_sleep': 96, 'restfulness': 63, 'timing': 89, 'total_sleep': 85}",5/17/2024,82,2024-05-17T00:00:00+00:00
41974a8c-1f74-4072-b07b-ee207b462db9,"{'deep_sleep': 89, 'efficiency': 88, 'latency': 91, 'rem_sleep': 80, 'restfulness': 55, 'timing': 75, 'total_sleep': 76}",5/18/2024,77,2024-05-18T00:00:00+00:00
34575410-0e58-4f8a-975f-4b206deb6efe,"{'deep_sleep': 70, 'efficiency': 76, 'latency': 86, 'rem_sleep': 53, 'restfulness': 61, 'timing': 64, 'total_sleep': 90}",5/19/2024,76,2024-05-19T00:00:00+00:00
e6f70ae1-49b9-4c55-beac-143208ebbb8a,"{'deep_sleep': 63, 'efficiency': 81, 'latency': 75, 'rem_sleep': 74, 'restfulness': 56, 'timing': 80, 'total_sleep': 80}",5/20/2024,74,2024-05-20T00:00:00+00:00
5fe071d0-020c-451a-b7b0-93fd1c6062bf,"{'deep_sleep': 68, 'efficiency': 76, 'latency': 83, 'rem_sleep': 79, 'restfulness': 49, 'timing': 80, 'total_sleep': 77}",5/21/2024,73,2024-05-20T20:00:00-04:00
3e874667-8a52-4003-9dd7-1307681d6baf,"{'deep_sleep': 65, 'efficiency': 81, 'latency': 94, 'rem_sleep': 69, 'restfulness': 56, 'timing': 73, 'total_sleep': 77}",5/22/2024,73,2024-05-22T00:00:00+00:00
2734e680-d78e-47b9-aabc-4a59bc56fc7d,"{'deep_sleep': 95, 'efficiency': 96, 'latency': 86, 'rem_sleep': 67, 'restfulness': 71, 'timing': 80, 'total_sleep': 91}",5/23/2024,85,2024-05-23T00:00:00+00:00
90fb18b5-2c0b-444e-affd-4fa352ead245,"{'deep_sleep': 62, 'efficiency': 76, 'latency': 97, 'rem_sleep': 71, 'restfulness': 52, 'timing': 78, 'total_sleep': 73}",5/24/2024,72,2024-05-24T00:00:00+00:00
76172fd9-2356-4920-9fd4-22757b882148,"{'deep_sleep': 36, 'efficiency': 83, 'latency': 70, 'rem_sleep': 51, 'restfulness': 59, 'timing': 71, 'total_sleep': 63}",5/25/2024,62,2024-05-25T00:00:00+00:00
2be38725-3eb9-47c2-aa78-a5217420c015,"{'deep_sleep': 90, 'efficiency': 88, 'latency': 75, 'rem_sleep': 97, 'restfulness': 67, 'timing': 65, 'total_sleep': 89}",5/26/2024,83,2024-05-26T00:00:00+00:00
6a832aa4-d53e-4971-be64-f103e156629f,"{'deep_sleep': 89, 'efficiency': 81, 'latency': 72, 'rem_sleep': 51, 'restfulness': 67, 'timing': 49, 'total_sleep': 77}",5/27/2024,71,2024-05-27T00:00:00+00:00
6d27fe28-c238-47d9-8c40-c47d7d600fd9,"{'deep_sleep': 68, 'efficiency': 86, 'latency': 89, 'rem_sleep': 86, 'restfulness': 54, 'timing': 61, 'total_sleep': 77}",5/28/2024,74,2024-05-28T00:00:00+00:00
d35075ce-6efb-4c8d-b698-d8fdd97a8a39,"{'deep_sleep': 57, 'efficiency': 69, 'latency': 86, 'rem_sleep': 30, 'restfulness': 60, 'timing': 54, 'total_sleep': 70}",5/29/2024,63,2024-05-29T00:00:00+00:00
9c53cbb7-3898-4ddd-bc5a-e97194553e8f,"{'deep_sleep': 47, 'efficiency': 79, 'latency': 78, 'rem_sleep': 65, 'restfulness': 59, 'timing': 68, 'total_sleep': 73}",5/30/2024,68,2024-05-30T00:00:00+00:00
5cb9e382-f07c-4014-b13b-3eee511ca4c8,"{'deep_sleep': 91, 'efficiency': 95, 'latency': 81, 'rem_sleep': 59, 'restfulness': 51, 'timing': 72, 'total_sleep': 82}",5/31/2024,76,2024-05-31T00:00:00+00:00
9aff5a6d-e109-4b5b-b610-a66674f25623,"{'deep_sleep': 60, 'efficiency': 81, 'latency': 94, 'rem_sleep': 67, 'restfulness': 61, 'timing': 65, 'total_sleep': 62}",6/1/2024,68,2024-06-01T00:00:00+00:00
f9be9d5f-e423-4c15-b29d-7c06970421b6,"{'deep_sleep': 30, 'efficiency': 95, 'latency': 99, 'rem_sleep': 64, 'restfulness': 68, 'timing': 76, 'total_sleep': 84}",6/2/2024,76,2024-06-02T00:00:00+00:00
6bfd9469-8dd4-4bb7-a560-6d31202b1d58,"{'deep_sleep': 85, 'efficiency': 83, 'latency': 78, 'rem_sleep': 89, 'restfulness': 55, 'timing': 92, 'total_sleep': 81}",6/3/2024,79,2024-06-03T00:00:00+00:00
37f3e157-c42f-45f3-ad31-964e419ee59d,"{'deep_sleep': 46, 'efficiency': 67, 'latency': 86, 'rem_sleep': 50, 'restfulness': 60, 'timing': 96, 'total_sleep': 66}",6/4/2024,67,2024-06-04T00:00:00+00:00
48c23067-1c2f-4f0c-a1b7-3d6582127991,"{'deep_sleep': 50, 'efficiency': 72, 'latency': 72, 'rem_sleep': 52, 'restfulness': 47, 'timing': 80, 'total_sleep': 70}",6/5/2024,64,2024-06-05T00:00:00+00:00
0200f049-d8df-4243-a1e6-70fd61b482cc,"{'deep_sleep': 71, 'efficiency': 79, 'latency': 91, 'rem_sleep': 70, 'restfulness': 40, 'timing': 45, 'total_sleep': 96}",6/6/2024,75,2024-06-06T00:00:00+00:00
18ebe445-9081-4b33-9601-7cc49281ab60,"{'deep_sleep': 71, 'efficiency': 76, 'latency': 83, 'rem_sleep': 61, 'restfulness': 33, 'timing': 43, 'total_sleep': 73}",6/7/2024,64,2024-06-07T00:00:00+00:00
95a2ba68-0215-4d00-acb9-742535a528bf,"{'deep_sleep': 62, 'efficiency': 74, 'latency': 94, 'rem_sleep': 77, 'restfulness': 34, 'timing': 43, 'total_sleep': 76}",6/8/2024,67,2024-06-08T00:00:00+00:00
708841fa-9286-4365-99c7-cbaa24d8590e,"{'deep_sleep': 60, 'efficiency': 67, 'latency': 81, 'rem_sleep': 46, 'restfulness': 69, 'timing': 26, 'total_sleep': 40}",6/9/2024,52,2024-06-09T00:00:00+00:00
5ace0e86-e77f-433c-a28b-0337c9b314c0,"{'deep_sleep': 56, 'efficiency': 83, 'latency': 94, 'rem_sleep': 58, 'restfulness': 61, 'timing': 55, 'total_sleep': 70}",6/10/2024,68,2024-06-10T00:00:00+00:00
04806002-8727-4a41-82be-71a98b0f6301,"{'deep_sleep': 74, 'efficiency': 81, 'latency': 94, 'rem_sleep': 58, 'restfulness': 45, 'timing': 81, 'total_sleep': 72}",6/11/2024,71,2024-06-11T00:00:00+00:00
91c804ba-3def-4ea0-948f-79ae2fa44c62,"{'deep_sleep': 82, 'efficiency': 83, 'latency': 94, 'rem_sleep': 67, 'restfulness': 58, 'timing': 85, 'total_sleep': 77}",6/12/2024,77,2024-06-12T00:00:00+00:00
bfbd07f1-5bdc-47fd-af49-f3f3bb0a165c,"{'deep_sleep': 84, 'efficiency': 65, 'latency': 83, 'rem_sleep': 56, 'restfulness': 35, 'timing': 94, 'total_sleep': 70}",6/13/2024,68,2024-06-12T19:00:00-05:00
916e0534-03ac-434e-9528-e91a10c66fcd,"{'deep_sleep': 87, 'efficiency': 95, 'latency': 83, 'rem_sleep': 69, 'restfulness': 70, 'timing': 100, 'total_sleep': 84}",6/14/2024,83,2024-06-14T00:00:00+00:00
a96f873c-a9eb-4f0e-850e-858fefe1e096,"{'deep_sleep': 79, 'efficiency': 74, 'latency': 78, 'rem_sleep': 86, 'restfulness': 46, 'timing': 61, 'total_sleep': 75}",6/15/2024,71,2024-06-15T00:00:00+00:00
905f4a03-02e5-44b3-a82e-524acee2f342,"{'deep_sleep': 84, 'efficiency': 86, 'latency': 78, 'rem_sleep': 85, 'restfulness': 59, 'timing': 62, 'total_sleep': 86}",6/16/2024,79,2024-06-16T00:00:00+00:00
aadbe36e-ae80-45d2-b287-ad810e125a7c,"{'deep_sleep': 95, 'efficiency': 95, 'latency': 94, 'rem_sleep': 95, 'restfulness': 52, 'timing': 83, 'total_sleep': 87}",6/17/2024,85,2024-06-17T00:00:00+00:00
bb8fe588-39a0-45d1-8486-742486edf886,"{'deep_sleep': 82, 'efficiency': 86, 'latency': 94, 'rem_sleep': 60, 'restfulness': 56, 'timing': 75, 'total_sleep': 78}",6/18/2024,75,2024-06-18T00:00:00+00:00
413f5c06-dab0-4bbd-96f6-ca7fb8b46840,"{'deep_sleep': 96, 'efficiency': 86, 'latency': 94, 'rem_sleep': 80, 'restfulness': 65, 'timing': 69, 'total_sleep': 77}",6/19/2024,79,2024-06-19T00:00:00+00:00
3ad24437-8387-47d3-84ad-6f95794c0e56,"{'deep_sleep': 62, 'efficiency': 79, 'latency': 67, 'rem_sleep': 63, 'restfulness': 64, 'timing': 76, 'total_sleep': 60}",6/20/2024,65,2024-06-19T18:00:00-06:00
6ff21fad-c0f9-410f-8bc7-76e9d4e26a6d,"{'deep_sleep': 68, 'efficiency': 93, 'latency': 72, 'rem_sleep': 67, 'restfulness': 54, 'timing': 78, 'total_sleep': 82}",6/21/2024,75,2024-06-21T00:00:00+00:00
8ebaaf86-fc88-4c8d-a66c-e07648c65425,"{'deep_sleep': 96, 'efficiency': 86, 'latency': 54, 'rem_sleep': 70, 'restfulness': 55, 'timing': 56, 'total_sleep': 82}",6/22/2024,73,2024-06-22T00:00:00+00:00
ee2b3a49-fcac-4f62-815f-c7eb1f5fa50a,"{'deep_sleep': 40, 'efficiency': 83, 'latency': 97, 'rem_sleep': 78, 'restfulness': 71, 'timing': 46, 'total_sleep': 68}",6/23/2024,69,2024-06-23T00:00:00+00:00
122fc095-967b-4517-8ea6-570f18996d03,"{'deep_sleep': 75, 'efficiency': 72, 'latency': 62, 'rem_sleep': 58, 'restfulness': 65, 'timing': 39, 'total_sleep': 61}",6/24/2024,62,2024-06-24T00:00:00+00:00
117eec3d-f6d9-4ff1-b6f2-2d2169f4cd8a,"{'deep_sleep': 66, 'efficiency': 88, 'latency': 75, 'rem_sleep': 73, 'restfulness': 55, 'timing': 76, 'total_sleep': 73}",6/25/2024,72,2024-06-25T00:00:00+00:00
fd852c27-5b91-4ddd-b6de-2bd75172a931,"{'deep_sleep': 72, 'efficiency': 83, 'latency': 86, 'rem_sleep': 64, 'restfulness': 60, 'timing': 55, 'total_sleep': 71}",6/26/2024,70,2024-06-26T00:00:00+00:00
103f03b4-a440-46dd-b7a9-a91e46e44b34,"{'deep_sleep': 95, 'efficiency': 79, 'latency': 97, 'rem_sleep': 88, 'restfulness': 57, 'timing': 62, 'total_sleep': 68}",6/27/2024,74,2024-06-27T00:00:00+00:00
aaf0e937-509b-4fe7-a242-7baa34a59743,"{'deep_sleep': 69, 'efficiency': 93, 'latency': 94, 'rem_sleep': 75, 'restfulness': 69, 'timing': 42, 'total_sleep': 61}",6/28/2024,69,2024-06-28T00:00:00+00:00
5f25e0e1-c64d-4abd-bd80-8fa3e5e860ae,"{'deep_sleep': 51, 'efficiency': 86, 'latency': 91, 'rem_sleep': 64, 'restfulness': 68, 'timing': 100, 'total_sleep': 51}",6/29/2024,67,2024-06-29T00:00:00+00:00
6f5d3738-a28d-46e9-9bfe-d3a024123f2e,"{'deep_sleep': 84, 'efficiency': 81, 'latency': 97, 'rem_sleep': 80, 'restfulness': 51, 'timing': 57, 'total_sleep': 96}",6/30/2024,81,2024-06-30T00:00:00+00:00
1fe348db-4618-49e4-9f00-a19919920fd0,"{'deep_sleep': 92, 'efficiency': 88, 'latency': 75, 'rem_sleep': 80, 'restfulness': 65, 'timing': 56, 'total_sleep': 77}",7/1/2024,76,2024-07-01T00:00:00+00:00
8b556c38-801b-4401-b8f4-27640eff26af,"{'deep_sleep': 61, 'efficiency': 83, 'latency': 97, 'rem_sleep': 73, 'restfulness': 52, 'timing': 53, 'total_sleep': 75}",7/2/2024,71,2024-07-02T00:00:00+00:00
0c2835e0-5c11-489e-9914-bf55d962ebdb,"{'deep_sleep': 64, 'efficiency': 76, 'latency': 83, 'rem_sleep': 75, 'restfulness': 33, 'timing': 50, 'total_sleep': 86}",7/3/2024,70,2024-07-03T00:00:00+00:00
f2693ee6-e4f5-4681-89cb-918f39c7f4f4,"{'deep_sleep': 81, 'efficiency': 86, 'latency': 91, 'rem_sleep': 92, 'restfulness': 61, 'timing': 37, 'total_sleep': 86}",7/4/2024,78,2024-07-04T00:00:00+00:00
45e5eab1-7816-456d-8ee8-893676301121,"{'deep_sleep': 60, 'efficiency': 79, 'latency': 70, 'rem_sleep': 96, 'restfulness': 64, 'timing': 42, 'total_sleep': 78}",7/5/2024,72,2024-07-05T00:00:00+00:00
a0c016dc-b5e4-42b6-9888-367968050d31,"{'deep_sleep': 93, 'efficiency': 74, 'latency': 94, 'rem_sleep': 62, 'restfulness': 54, 'timing': 50, 'total_sleep': 69}",7/6/2024,70,2024-07-06T00:00:00+00:00
4c5ed75f-5d27-4e39-8840-feea2e69bb03,"{'deep_sleep': 82, 'efficiency': 46, 'latency': 91, 'rem_sleep': 82, 'restfulness': 29, 'timing': 32, 'total_sleep': 77}",7/7/2024,65,2024-07-07T00:00:00+00:00
d0a6fcd4-8b7d-4cfc-986a-c0428b052895,"{'deep_sleep': 61, 'efficiency': 90, 'latency': 72, 'rem_sleep': 76, 'restfulness': 56, 'timing': 45, 'total_sleep': 74}",7/8/2024,69,2024-07-08T00:00:00+00:00
5f06d7da-38a8-4f80-b7ac-959010899dc4,"{'deep_sleep': 69, 'efficiency': 83, 'latency': 81, 'rem_sleep': 61, 'restfulness': 56, 'timing': 40, 'total_sleep': 70}",7/9/2024,66,2024-07-09T00:00:00+00:00
3137ddfd-f776-4867-9130-e102fe89c04b,"{'deep_sleep': 56, 'efficiency': 93, 'latency': 86, 'rem_sleep': 70, 'restfulness': 52, 'timing': 46, 'total_sleep': 66}",7/10/2024,66,2024-07-10T00:00:00+00:00
f5fd5abd-6595-400d-b7f7-2c017f7e2e83,"{'deep_sleep': 43, 'efficiency': 93, 'latency': 99, 'rem_sleep': 92, 'restfulness': 67, 'timing': 36, 'total_sleep': 72}",7/11/2024,72,2024-07-11T00:00:00+00:00
73a105c3-ad56-49c7-8af2-1dabd883f3b6,"{'deep_sleep': 45, 'efficiency': 93, 'latency': 89, 'rem_sleep': 49, 'restfulness': 64, 'timing': 67, 'total_sleep': 70}",7/12/2024,68,2024-07-12T00:00:00+00:00
8d8fd843-cf07-4519-b4d6-ee2b757a3474,"{'deep_sleep': 66, 'efficiency': 93, 'latency': 97, 'rem_sleep': 62, 'restfulness': 64, 'timing': 54, 'total_sleep': 70}",7/13/2024,71,2024-07-13T00:00:00+00:00
2f3c7e57-7915-47e8-b331-c5bfaee1ab0e,"{'deep_sleep': 43, 'efficiency': 79, 'latency': 99, 'rem_sleep': 68, 'restfulness': 52, 'timing': 67, 'total_sleep': 70}",7/14/2024,68,2024-07-14T00:00:00+00:00
054b5d88-c880-4da9-ab7d-0dfcbedfe23a,"{'deep_sleep': 90, 'efficiency': 90, 'latency': 86, 'rem_sleep': 86, 'restfulness': 61, 'timing': 71, 'total_sleep': 93}",7/15/2024,84,2024-07-15T00:00:00+00:00
3433de77-7e32-404e-a4da-3ad1804c3147,"{'deep_sleep': 71, 'efficiency': 86, 'latency': 94, 'rem_sleep': 54, 'restfulness': 52, 'timing': 36, 'total_sleep': 73}",7/16/2024,67,2024-07-16T00:00:00+00:00
5f258359-918c-49c6-a89a-64d05a0656e7,"{'deep_sleep': 67, 'efficiency': 83, 'latency': 94, 'rem_sleep': 71, 'restfulness': 54, 'timing': 40, 'total_sleep': 68}",7/17/2024,67,2024-07-17T00:00:00+00:00
5141cc24-2fed-4482-9ace-3c0405c05443,"{'deep_sleep': 62, 'efficiency': 76, 'latency': 70, 'rem_sleep': 69, 'restfulness': 62, 'timing': 54, 'total_sleep': 71}",7/18/2024,67,2024-07-18T00:00:00+00:00
5e3607e6-fd6c-4386-a7d4-47280453511d,"{'deep_sleep': 61, 'efficiency': 83, 'latency': 97, 'rem_sleep': 47, 'restfulness': 60, 'timing': 63, 'total_sleep': 77}",7/19/2024,71,2024-07-19T00:00:00+00:00
8d0b35cb-0000-49d6-85ef-9ee4db95128c,"{'deep_sleep': 62, 'efficiency': 83, 'latency': 70, 'rem_sleep': 71, 'restfulness': 49, 'timing': 57, 'total_sleep': 77}",7/21/2024,69,2024-07-21T00:00:00+00:00
a79f18cf-dab2-4dea-939b-991480339167,"{'deep_sleep': 62, 'efficiency': 83, 'latency': 64, 'rem_sleep': 49, 'restfulness': 58, 'timing': 65, 'total_sleep': 81}",7/22/2024,69,2024-07-22T00:00:00+00:00
e1bbb101-83dc-46b0-8411-b14de073e178,"{'deep_sleep': 59, 'efficiency': 83, 'latency': 94, 'rem_sleep': 72, 'restfulness': 51, 'timing': 62, 'total_sleep': 79}",7/23/2024,72,2024-07-23T00:00:00+00:00
1b2f8000-2f88-4630-9533-cd37f5796766,"{'deep_sleep': 40, 'efficiency': 81, 'latency': 97, 'rem_sleep': 62, 'restfulness': 65, 'timing': 57, 'total_sleep': 76}",7/24/2024,70,2024-07-24T00:00:00+00:00
5b15780e-af8a-4f64-bf12-57fa6eb56878,"{'deep_sleep': 86, 'efficiency': 79, 'latency': 94, 'rem_sleep': 62, 'restfulness': 49, 'timing': 60, 'total_sleep': 77}",7/25/2024,72,2024-07-25T00:00:00+00:00
757f9528-9e37-423c-b6c2-ac1cbf848828,"{'deep_sleep': 38, 'efficiency': 83, 'latency': 97, 'rem_sleep': 66, 'restfulness': 58, 'timing': 62, 'total_sleep': 68}",7/26/2024,67,2024-07-26T00:00:00+00:00
3c8d02da-c38d-4bfe-acee-4268ef8702d2,"{'deep_sleep': 69, 'efficiency': 81, 'latency': 83, 'rem_sleep': 55, 'restfulness': 42, 'timing': 48, 'total_sleep': 61}",7/27/2024,61,2024-07-27T00:00:00+00:00
d14ed5db-9410-444f-af99-f5e8fb8ff80e,"{'deep_sleep': 91, 'efficiency': 88, 'latency': 89, 'rem_sleep': 51, 'restfulness': 53, 'timing': 32, 'total_sleep': 85}",7/28/2024,73,2024-07-28T00:00:00+00:00
81c10e91-4b35-4197-8eb3-ddd96e0a31e6,"{'deep_sleep': 46, 'efficiency': 81, 'latency': 86, 'rem_sleep': 48, 'restfulness': 57, 'timing': 52, 'total_sleep': 59}",7/29/2024,61,2024-07-29T00:00:00+00:00
d4550d8d-9a41-40c9-8868-a118797d4115,"{'deep_sleep': 67, 'efficiency': 76, 'latency': 94, 'rem_sleep': 81, 'restfulness': 65, 'timing': 51, 'total_sleep': 78}",7/30/2024,74,2024-07-30T00:00:00+00:00
46aa0980-c83d-4373-af0d-4d1c2b9546f7,"{'deep_sleep': 80, 'efficiency': 76, 'latency': 78, 'rem_sleep': 62, 'restfulness': 47, 'timing': 57, 'total_sleep': 71}",7/31/2024,67,2024-07-31T00:00:00+00:00
6fbdf2f9-08b1-46be-a113-b9dadecf0c32,"{'deep_sleep': 41, 'efficiency': 69, 'latency': 86, 'rem_sleep': 53, 'restfulness': 51, 'timing': 57, 'total_sleep': 61}",8/1/2024,59,2024-08-01T00:00:00+00:00
cb75c51b-5962-4466-a626-6616dedab79e,"{'deep_sleep': 96, 'efficiency': 83, 'latency': 91, 'rem_sleep': 56, 'restfulness': 67, 'timing': 59, 'total_sleep': 80}",8/2/2024,76,2024-08-02T00:00:00+00:00
ee24c57c-4c91-4f60-9ab7-047cdbd865f4,"{'deep_sleep': 81, 'efficiency': 79, 'latency': 83, 'rem_sleep': 88, 'restfulness': 58, 'timing': 56, 'total_sleep': 80}",8/3/2024,75,2024-08-03T00:00:00+00:00
2fd97006-2134-450d-b180-d116b338134b,"{'deep_sleep': 39, 'efficiency': 88, 'latency': 94, 'rem_sleep': 85, 'restfulness': 45, 'timing': 58, 'total_sleep': 79}",8/4/2024,71,2024-08-04T00:00:00+00:00
cc015644-c516-4b30-9c4b-1d4c2998440d,"{'deep_sleep': 63, 'efficiency': 79, 'latency': 91, 'rem_sleep': 45, 'restfulness': 63, 'timing': 54, 'total_sleep': 74}",8/5/2024,69,2024-08-05T00:00:00+00:00
53972aaf-cd0b-443f-921e-b3eee84aa6da,"{'deep_sleep': 44, 'efficiency': 79, 'latency': 89, 'rem_sleep': 62, 'restfulness': 47, 'timing': 56, 'total_sleep': 78}",8/6/2024,67,2024-08-06T00:00:00+00:00
2b8fb3dc-e1d3-4586-9a1d-e41a88a33867,"{'deep_sleep': 48, 'efficiency': 76, 'latency': 89, 'rem_sleep': 84, 'restfulness': 54, 'timing': 61, 'total_sleep': 78}",8/7/2024,71,2024-08-07T00:00:00+00:00
213cdadf-53e7-4e71-b120-dda87af7a5d7,"{'deep_sleep': 95, 'efficiency': 83, 'latency': 78, 'rem_sleep': 67, 'restfulness': 53, 'timing': 62, 'total_sleep': 76}",8/8/2024,73,2024-08-08T00:00:00+00:00
9197e530-e310-4bef-8141-e0c48dab3711,"{'deep_sleep': 74, 'efficiency': 81, 'latency': 97, 'rem_sleep': 58, 'restfulness': 54, 'timing': 61, 'total_sleep': 79}",8/9/2024,73,2024-08-09T00:00:00+00:00
df22b2fe-9de8-4762-93f6-0e61adfcf8f1,"{'deep_sleep': 75, 'efficiency': 86, 'latency': 94, 'rem_sleep': 77, 'restfulness': 59, 'timing': 32, 'total_sleep': 72}",8/10/2024,70,2024-08-10T00:00:00+00:00
b308f766-d1bf-47f7-82d4-d292cad99506,"{'deep_sleep': 53, 'efficiency': 79, 'latency': 78, 'rem_sleep': 75, 'restfulness': 64, 'timing': 53, 'total_sleep': 76}",8/11/2024,70,2024-08-11T00:00:00+00:00
67e8a1c7-714a-4f57-8eec-8cae7caf0f94,"{'deep_sleep': 67, 'efficiency': 79, 'latency': 89, 'rem_sleep': 55, 'restfulness': 55, 'timing': 52, 'total_sleep': 71}",8/12/2024,67,2024-08-11T17:00:00-07:00
346b18c3-181f-498d-a2dd-cccdb4ff721a,"{'deep_sleep': 46, 'efficiency': 79, 'latency': 97, 'rem_sleep': 52, 'restfulness': 60, 'timing': 68, 'total_sleep': 63}",8/13/2024,65,2024-08-13T00:00:00+00:00
3f637283-45f9-4b31-bec2-2cb68c479901,"{'deep_sleep': 97, 'efficiency': 93, 'latency': 97, 'rem_sleep': 74, 'restfulness': 50, 'timing': 58, 'total_sleep': 77}",8/14/2024,76,2024-08-14T00:00:00+00:00
edc8bb4c-b127-413e-a253-5fb0190c6749,"{'deep_sleep': 75, 'efficiency': 76, 'latency': 67, 'rem_sleep': 49, 'restfulness': 28, 'timing': 75, 'total_sleep': 72}",8/15/2024,64,2024-08-15T00:00:00+00:00
9efd77ab-c0d2-4bd8-beda-0d6f7559f84b,"{'deep_sleep': 64, 'efficiency': 86, 'latency': 86, 'rem_sleep': 90, 'restfulness': 56, 'timing': 55, 'total_sleep': 71}",8/16/2024,71,2024-08-16T00:00:00+00:00
1bb557d9-1273-4e09-a1e0-01d431aba790,"{'deep_sleep': 84, 'efficiency': 88, 'latency': 97, 'rem_sleep': 43, 'restfulness': 56, 'timing': 68, 'total_sleep': 56}",8/17/2024,66,2024-08-17T00:00:00+00:00
37cc0502-77b0-4578-bef6-afb5705a7e93,"{'deep_sleep': 62, 'efficiency': 79, 'latency': 86, 'rem_sleep': 68, 'restfulness': 71, 'timing': 100, 'total_sleep': 76}",8/18/2024,77,2024-08-18T00:00:00+00:00
19e94265-f4ee-41b7-b2b8-879d01ec065c,"{'deep_sleep': 66, 'efficiency': 83, 'latency': 86, 'rem_sleep': 96, 'restfulness': 56, 'timing': 99, 'total_sleep': 79}",8/19/2024,79,2024-08-19T02:00:00+02:00
feb00e35-792f-47f6-8e02-c40ac491c6e9,"{'deep_sleep': 95, 'efficiency': 83, 'latency': 70, 'rem_sleep': 84, 'restfulness': 61, 'timing': 86, 'total_sleep': 83}",8/20/2024,80,2024-08-20T01:00:00+01:00
6bcdbc59-fa2b-4c96-8e60-8e451015a7f4,"{'deep_sleep': 87, 'efficiency': 74, 'latency': 97, 'rem_sleep': 69, 'restfulness': 64, 'timing': 95, 'total_sleep': 76}",8/21/2024,78,2024-08-21T00:00:00+00:00
b871df6b-699a-4def-a33f-006f7e88374b,"{'deep_sleep': 82, 'efficiency': 74, 'latency': 86, 'rem_sleep': 53, 'restfulness': 67, 'timing': 88, 'total_sleep': 69}",8/22/2024,73,2024-08-22T00:00:00+00:00
2fc6a225-4688-49e3-9361-858ebc15647d,"{'deep_sleep': 68, 'efficiency': 67, 'latency': 83, 'rem_sleep': 63, 'restfulness': 67, 'timing': 69, 'total_sleep': 68}",8/23/2024,69,2024-08-23T00:00:00+00:00
dfd04a02-9ab5-42f3-8ddb-a6932c4685e3,"{'deep_sleep': 69, 'efficiency': 76, 'latency': 70, 'rem_sleep': 45, 'restfulness': 68, 'timing': 64, 'total_sleep': 71}",8/24/2024,67,2024-08-23T18:00:00-06:00
780498db-a757-47d2-9393-fecbec007d52,"{'deep_sleep': 80, 'efficiency': 79, 'latency': 91, 'rem_sleep': 84, 'restfulness': 60, 'timing': 41, 'total_sleep': 73}",8/25/2024,72,2024-08-25T00:00:00+00:00
17dbeb86-6f36-471c-b94c-3c38af354934,"{'deep_sleep': 67, 'efficiency': 81, 'latency': 86, 'rem_sleep': 52, 'restfulness': 58, 'timing': 64, 'total_sleep': 76}",8/26/2024,70,2024-08-26T00:00:00+00:00
cf3e6c49-8474-411b-9891-d7f91a9de5e6,"{'deep_sleep': 75, 'efficiency': 67, 'latency': 81, 'rem_sleep': 69, 'restfulness': 49, 'timing': 79, 'total_sleep': 72}",8/27/2024,70,2024-08-27T00:00:00+00:00
57456015-61cf-44c4-a48b-f92e87fc9c7e,"{'deep_sleep': 74, 'efficiency': 74, 'latency': 83, 'rem_sleep': 52, 'restfulness': 52, 'timing': 58, 'total_sleep': 70}",8/28/2024,66,2024-08-28T00:00:00+00:00
34b84d9a-e60a-4acf-b6d3-1df88d43b08a,"{'deep_sleep': 91, 'efficiency': 76, 'latency': 97, 'rem_sleep': 79, 'restfulness': 46, 'timing': 33, 'total_sleep': 87}",8/29/2024,75,2024-08-29T00:00:00+00:00
80a795d7-5df7-43a1-a4d9-8c88cd896f64,"{'deep_sleep': 82, 'efficiency': 79, 'latency': 97, 'rem_sleep': 56, 'restfulness': 56, 'timing': 47, 'total_sleep': 76}",8/30/2024,71,2024-08-30T00:00:00+00:00
5aad516a-5f2a-48c8-8c29-c270cbac7a01,"{'deep_sleep': 66, 'efficiency': 67, 'latency': 94, 'rem_sleep': 73, 'restfulness': 40, 'timing': 45, 'total_sleep': 74}",8/31/2024,66,2024-08-31T00:00:00+00:00
030038ea-6dd6-4cf3-a01b-dffd8c7d2a00,"{'deep_sleep': 95, 'efficiency': 72, 'latency': 83, 'rem_sleep': 57, 'restfulness': 59, 'timing': 25, 'total_sleep': 77}",9/1/2024,69,2024-09-01T00:00:00+00:00
a50b0c07-31eb-404e-9c5d-b1a2b194dbf0,"{'deep_sleep': 44, 'efficiency': 72, 'latency': 83, 'rem_sleep': 70, 'restfulness': 64, 'timing': 38, 'total_sleep': 65}",9/2/2024,63,2024-09-02T00:00:00+00:00
061d8fc1-06a5-4901-a651-f997012a5114,"{'deep_sleep': 95, 'efficiency': 79, 'latency': 94, 'rem_sleep': 69, 'restfulness': 64, 'timing': 54, 'total_sleep': 73}",9/3/2024,74,2024-09-03T00:00:00+00:00
7bc30327-102a-4e88-a83d-03bdd5f74b3c,"{'deep_sleep': 92, 'efficiency': 79, 'latency': 81, 'rem_sleep': 60, 'restfulness': 68, 'timing': 62, 'total_sleep': 74}",9/4/2024,74,2024-09-04T00:00:00+00:00
f95fc80f-0981-4e75-9ff8-3c87c60d73c4,"{'deep_sleep': 59, 'efficiency': 83, 'latency': 91, 'rem_sleep': 71, 'restfulness': 59, 'timing': 47, 'total_sleep': 76}",9/5/2024,71,2024-09-05T00:00:00+00:00
b6a25d59-7a48-4444-9bb5-bbd6ca87f7a1,"{'deep_sleep': 70, 'efficiency': 74, 'latency': 94, 'rem_sleep': 60, 'restfulness': 58, 'timing': 38, 'total_sleep': 66}",9/6/2024,66,2024-09-06T00:00:00+00:00
2e1280fa-97be-4669-a325-aa5daf52f944,"{'deep_sleep': 94, 'efficiency': 76, 'latency': 70, 'rem_sleep': 58, 'restfulness': 65, 'timing': 64, 'total_sleep': 71}",9/7/2024,71,2024-09-07T00:00:00+00:00
11018762-ba36-4d58-9bd3-4be875d8f218,"{'deep_sleep': 82, 'efficiency': 74, 'latency': 91, 'rem_sleep': 87, 'restfulness': 59, 'timing': 54, 'total_sleep': 79}",9/8/2024,75,2024-09-08T00:00:00+00:00
57076739-4978-4345-818e-d70aa06b33a8,"{'deep_sleep': 60, 'efficiency': 69, 'latency': 54, 'rem_sleep': 49, 'restfulness': 68, 'timing': 38, 'total_sleep': 66}",9/9/2024,60,2024-09-09T00:00:00+00:00
abcd808f-c6f5-48de-bca7-c853efd9a41d,"{'deep_sleep': 57, 'efficiency': 79, 'latency': 94, 'rem_sleep': 40, 'restfulness': 58, 'timing': 53, 'total_sleep': 64}",9/10/2024,63,2024-09-10T00:00:00+00:00
99832ad0-728e-4f0e-818f-32a907ca425c,"{'deep_sleep': 51, 'efficiency': 69, 'latency': 81, 'rem_sleep': 56, 'restfulness': 50, 'timing': 37, 'total_sleep': 62}",9/11/2024,59,2024-09-11T00:00:00+00:00
023d7c4e-3b77-4bee-b922-fda8cf05c70e,"{'deep_sleep': 67, 'efficiency': 72, 'latency': 83, 'rem_sleep': 62, 'restfulness': 50, 'timing': 43, 'total_sleep': 81}",9/12/2024,69,2024-09-12T00:00:00+00:00
d3b95fda-ae86-4de2-bf6b-7704040dc256,"{'deep_sleep': 96, 'efficiency': 60, 'latency': 86, 'rem_sleep': 56, 'restfulness': 41, 'timing': 17, 'total_sleep': 71}",9/13/2024,62,2024-09-13T00:00:00+00:00
8a08d794-9d31-4bce-b287-0e620918bbbc,"{'deep_sleep': 51, 'efficiency': 79, 'latency': 56, 'rem_sleep': 49, 'restfulness': 65, 'timing': 74, 'total_sleep': 58}",9/14/2024,61,2024-09-14T00:00:00+00:00
ff3702fa-c5c5-44c6-95f8-8029f6a58196,"{'deep_sleep': 86, 'efficiency': 74, 'latency': 89, 'rem_sleep': 75, 'restfulness': 63, 'timing': 46, 'total_sleep': 66}",9/15/2024,70,2024-09-15T00:00:00+00:00
1b0ad1fe-16c5-428c-81aa-77f6a488619e,"{'deep_sleep': 96, 'efficiency': 74, 'latency': 91, 'rem_sleep': 84, 'restfulness': 49, 'timing': 71, 'total_sleep': 75}",9/16/2024,75,2024-09-16T00:00:00+00:00
ff39de4a-152d-4749-a49b-396fc6e3670c,"{'deep_sleep': 62, 'efficiency': 88, 'latency': 83, 'rem_sleep': 55, 'restfulness': 70, 'timing': 51, 'total_sleep': 77}",9/17/2024,71,2024-09-17T00:00:00+00:00
2dbd8dfc-c295-45b9-aac9-3072d21881c9,"{'deep_sleep': 78, 'efficiency': 81, 'latency': 91, 'rem_sleep': 53, 'restfulness': 54, 'timing': 43, 'total_sleep': 70}",9/18/2024,67,2024-09-18T00:00:00+00:00
53781ade-7d05-4e33-ab9e-95dd7869aede,"{'deep_sleep': 31, 'efficiency': 79, 'latency': 94, 'rem_sleep': 81, 'restfulness': 59, 'timing': 28, 'total_sleep': 64}",9/19/2024,63,2024-09-19T00:00:00+00:00
773cbf23-30e5-4fb2-ae20-857a590491b1,"{'deep_sleep': 40, 'efficiency': 79, 'latency': 70, 'rem_sleep': 70, 'restfulness': 52, 'timing': 43, 'total_sleep': 69}",9/20/2024,62,2024-09-19T17:00:00-07:00
ca4cb92a-ab37-4098-8a44-547d4bacb4f6,"{'deep_sleep': 39, 'efficiency': 79, 'latency': 89, 'rem_sleep': 37, 'restfulness': 28, 'timing': 100, 'total_sleep': 54}",9/21/2024,58,2024-09-21T00:00:00+00:00
394167d7-1020-4dbb-b3a8-efd82061c8d2,"{'deep_sleep': 97, 'efficiency': 95, 'latency': 94, 'rem_sleep': 82, 'restfulness': 61, 'timing': 48, 'total_sleep': 86}",9/22/2024,81,2024-09-22T00:00:00+00:00
d75530bf-bb54-4940-b551-a991fb49336f,"{'deep_sleep': 60, 'efficiency': 76, 'latency': 99, 'rem_sleep': 57, 'restfulness': 52, 'timing': 61, 'total_sleep': 76}",9/23/2024,70,2024-09-23T00:00:00+00:00
b35ec914-fbbb-4fed-8f69-af8aab73047a,"{'deep_sleep': 81, 'efficiency': 79, 'latency': 86, 'rem_sleep': 67, 'restfulness': 54, 'timing': 68, 'total_sleep': 71}",9/24/2024,71,2024-09-24T00:00:00+00:00
e2bf84e8-56fa-48cd-beb7-d33682e9707d,"{'deep_sleep': 65, 'efficiency': 69, 'latency': 91, 'rem_sleep': 62, 'restfulness': 75, 'timing': 67, 'total_sleep': 68}",9/25/2024,71,2024-09-25T00:00:00+00:00
84ea18f7-ac77-4a1f-be47-92c529d84ac5,"{'deep_sleep': 32, 'efficiency': 83, 'latency': 70, 'rem_sleep': 72, 'restfulness': 44, 'timing': 47, 'total_sleep': 74}",9/26/2024,63,2024-09-26T00:00:00+00:00
df2ca2a8-ca12-440e-8e86-edb4419a5f5d,"{'deep_sleep': 28, 'efficiency': 83, 'latency': 89, 'rem_sleep': 57, 'restfulness': 39, 'timing': 80, 'total_sleep': 57}",9/27/2024,59,2024-09-26T20:00:00-04:00
eb4e60b4-1048-4434-ac14-4f51bf6bd6af,"{'deep_sleep': 51, 'efficiency': 88, 'latency': 97, 'rem_sleep': 76, 'restfulness': 42, 'timing': 100, 'total_sleep': 74}",9/28/2024,74,2024-09-28T00:00:00+00:00
75c585e0-802a-4322-92ed-b5609f5be23e,"{'deep_sleep': 66, 'efficiency': 74, 'latency': 75, 'rem_sleep': 76, 'restfulness': 45, 'timing': 67, 'total_sleep': 78}",9/29/2024,70,2024-09-29T00:00:00+00:00
55094ab2-9931-4733-aa46-7feeacd67e3d,"{'deep_sleep': 65, 'efficiency': 83, 'latency': 86, 'rem_sleep': 87, 'restfulness': 58, 'timing': 65, 'total_sleep': 73}",9/30/2024,73,2024-09-30T00:00:00+00:00
34a8f2c4-a00e-45e4-8d67-f56e796a4236,"{'deep_sleep': 73, 'efficiency': 79, 'latency': 83, 'rem_sleep': 59, 'restfulness': 61, 'timing': 71, 'total_sleep': 84}",10/1/2024,75,2024-10-01T00:00:00+00:00
a6721b21-38d5-4bc5-8044-bf84d7b8f5d6,"{'deep_sleep': 75, 'efficiency': 79, 'latency': 78, 'rem_sleep': 86, 'restfulness': 23, 'timing': 66, 'total_sleep': 79}",10/2/2024,69,2024-10-02T00:00:00+00:00
b1f89067-f15e-4d17-97c3-9495e5b2720a,"{'deep_sleep': 53, 'efficiency': 81, 'latency': 91, 'rem_sleep': 76, 'restfulness': 40, 'timing': 42, 'total_sleep': 91}",10/3/2024,72,2024-10-03T00:00:00+00:00
9c5e3ad7-a2d2-4ebe-a882-56a0d82e1c12,"{'deep_sleep': 60, 'efficiency': 72, 'latency': 81, 'rem_sleep': 64, 'restfulness': 48, 'timing': 31, 'total_sleep': 62}",10/4/2024,60,2024-10-04T00:00:00+00:00
2262e524-f2ad-4094-8708-aaaff5b09aa8,"{'deep_sleep': 78, 'efficiency': 72, 'latency': 91, 'rem_sleep': 68, 'restfulness': 55, 'timing': 23, 'total_sleep': 94}",10/5/2024,74,2024-10-05T00:00:00+00:00
c237efde-d963-42ea-8cbd-8de79565e0bb,"{'deep_sleep': 68, 'efficiency': 86, 'latency': 78, 'rem_sleep': 67, 'restfulness': 62, 'timing': 38, 'total_sleep': 76}",10/6/2024,70,2024-10-06T00:00:00+00:00
1a4479ff-378b-48c4-9251-3059c2b21c45,"{'deep_sleep': 77, 'efficiency': 76, 'latency': 81, 'rem_sleep': 66, 'restfulness': 31, 'timing': 30, 'total_sleep': 95}",10/7/2024,71,2024-10-06T17:00:00-07:00
af645958-70a1-4b53-8b87-873c0083fa10,"{'deep_sleep': 39, 'efficiency': 62, 'latency': 91, 'rem_sleep': 46, 'restfulness': 34, 'timing': 62, 'total_sleep': 68}",10/8/2024,59,2024-10-08T00:00:00+00:00
9fae699c-622c-453f-a7b9-109bb0878ef1,"{'deep_sleep': 21, 'efficiency': 83, 'latency': 91, 'rem_sleep': 55, 'restfulness': 47, 'timing': 89, 'total_sleep': 65}",10/9/2024,64,2024-10-09T00:00:00+00:00
f3b11aa5-ed29-46da-b2a4-1bd127b40648,"{'deep_sleep': 57, 'efficiency': 90, 'latency': 83, 'rem_sleep': 96, 'restfulness': 39, 'timing': 62, 'total_sleep': 80}",10/10/2024,73,2024-10-10T00:00:00+00:00
626f331f-51e8-4961-a8b8-2765d560764e,"{'deep_sleep': 87, 'efficiency': 93, 'latency': 86, 'rem_sleep': 69, 'restfulness': 36, 'timing': 45, 'total_sleep': 76}",10/11/2024,70,2024-10-11T00:00:00+00:00
d4d0bad5-3cd3-43fb-8d39-5915b81a044a,"{'deep_sleep': 50, 'efficiency': 76, 'latency': 75, 'rem_sleep': 68, 'restfulness': 35, 'timing': 39, 'total_sleep': 72}",10/12/2024,61,2024-10-12T00:00:00+00:00
86045191-ebcb-4ebc-bb55-9aad278b4ba5,"{'deep_sleep': 77, 'efficiency': 74, 'latency': 89, 'rem_sleep': 83, 'restfulness': 63, 'timing': 70, 'total_sleep': 81}",10/13/2024,77,2024-10-13T00:00:00+00:00
381e800d-877f-49d7-8477-85275521903d,"{'deep_sleep': 86, 'efficiency': 81, 'latency': 59, 'rem_sleep': 52, 'restfulness': 52, 'timing': 57, 'total_sleep': 78}",10/14/2024,69,2024-10-14T00:00:00+00:00
1eae87c3-e3cb-4f25-b76f-c383717e2559,"{'deep_sleep': 97, 'efficiency': 76, 'latency': 83, 'rem_sleep': 75, 'restfulness': 56, 'timing': 61, 'total_sleep': 76}",10/15/2024,74,2024-10-15T00:00:00+00:00
